,0,1,2
0,"[[[255]
  [255]
  [255]
  ...
  [255]
  [255]
  [255]]

 [[255]
  [255]
  [255]
  ...
  [255]
  [255]
  [255]]

 [[255]
  [255]
  [255]
  ...
  [255]
  [255]
  [255]]

 ...

 [[255]
  [255]
  [255]
  ...
  [255]
  [255]
  [255]]

 [[255]
  [255]
  [255]
  ...
  [255]
  [255]
  [255]]

 [[255]
  [255]
  [255]
  ...
  [255]
  [255]
  [255]]]",[0.],0
1,"[[[255]
  [255]
  [255]
  ...
  [255]
  [255]
  [255]]

 [[255]
  [255]
  [255]
  ...
  [255]
  [255]
  [255]]

 [[255]
  [255]
  [255]
  ...
  [255]
  [255]
  [255]]

 ...

 [[255]
  [255]
  [255]
  ...
  [255]
  [255]
  [255]]

 [[255]
  [255]
  [255]
  ...
  [255]
  [255]
  [255]]

 [[255]
  [255]
  [255]
  ...
  [255]
  [255]
  [255]]]",[0.],1
2,"[[[255]
  [255]
  [255]
  ...
  [255]
  [255]
  [255]]

 [[255]
  [255]
  [255]
  ...
  [255]
  [255]
  [255]]

 [[255]
  [255]
  [255]
  ...
  [255]
  [255]
  [255]]

 ...

 [[255]
  [255]
  [255]
  ...
  [255]
  [255]
  [255]]

 [[255]
  [255]
  [255]
  ...
  [255]
  [255]
  [255]]

 [[255]
  [255]
  [255]
  ...
  [255]
  [255]
  [255]]]",[0.],2
3,"[[[255]
  [255]
  [255]
  ...
  [255]
  [255]
  [255]]

 [[255]
  [255]
  [255]
  ...
  [255]
  [255]
  [255]]

 [[255]
  [255]
  [255]
  ...
  [255]
  [255]
  [255]]

 ...

 [[255]
  [255]
  [255]
  ...
  [255]
  [255]
  [255]]

 [[255]
  [255]
  [255]
  ...
  [255]
  [255]
  [255]]

 [[255]
  [255]
  [255]
  ...
  [255]
  [255]
  [255]]]",[0.],3
4,"[[[255]
  [255]
  [255]
  ...
  [255]
  [255]
  [255]]

 [[255]
  [255]
  [255]
  ...
  [255]
  [255]
  [255]]

 [[255]
  [255]
  [255]
  ...
  [255]
  [255]
  [255]]

 ...

 [[255]
  [255]
  [255]
  ...
  [255]
  [255]
  [255]]

 [[255]
  [255]
  [255]
  ...
  [255]
  [255]
  [255]]

 [[255]
  [255]
  [255]
  ...
  [255]
  [255]
  [255]]]",[0.],4
5,"[[[255]
  [255]
  [255]
  ...
  [255]
  [255]
  [255]]

 [[255]
  [255]
  [255]
  ...
  [255]
  [255]
  [255]]

 [[255]
  [255]
  [255]
  ...
  [255]
  [255]
  [255]]

 ...

 [[255]
  [255]
  [255]
  ...
  [255]
  [255]
  [255]]

 [[255]
  [255]
  [255]
  ...
  [255]
  [255]
  [255]]

 [[255]
  [255]
  [255]
  ...
  [255]
  [255]
  [255]]]",[0.],5
6,"[[[255]
  [255]
  [255]
  ...
  [255]
  [255]
  [255]]

 [[255]
  [255]
  [255]
  ...
  [255]
  [255]
  [255]]

 [[255]
  [255]
  [255]
  ...
  [255]
  [255]
  [255]]

 ...

 [[255]
  [255]
  [255]
  ...
  [255]
  [255]
  [255]]

 [[255]
  [255]
  [255]
  ...
  [255]
  [255]
  [255]]

 [[255]
  [255]
  [255]
  ...
  [255]
  [255]
  [255]]]",[0.],6
7,"[[[255]
  [255]
  [255]
  ...
  [255]
  [255]
  [255]]

 [[255]
  [255]
  [255]
  ...
  [255]
  [255]
  [255]]

 [[255]
  [255]
  [255]
  ...
  [255]
  [255]
  [255]]

 ...

 [[255]
  [255]
  [255]
  ...
  [255]
  [255]
  [255]]

 [[255]
  [255]
  [255]
  ...
  [255]
  [255]
  [255]]

 [[255]
  [255]
  [255]
  ...
  [255]
  [255]
  [255]]]",[0.],7
8,"[[[255]
  [255]
  [255]
  ...
  [255]
  [255]
  [255]]

 [[255]
  [255]
  [255]
  ...
  [255]
  [255]
  [255]]

 [[255]
  [255]
  [255]
  ...
  [255]
  [255]
  [255]]

 ...

 [[255]
  [255]
  [255]
  ...
  [255]
  [255]
  [255]]

 [[255]
  [255]
  [255]
  ...
  [255]
  [255]
  [255]]

 [[255]
  [255]
  [255]
  ...
  [255]
  [255]
  [255]]]",[0.],8
9,"[[[255]
  [255]
  [255]
  ...
  [255]
  [255]
  [255]]

 [[255]
  [255]
  [255]
  ...
  [255]
  [255]
  [255]]

 [[255]
  [255]
  [255]
  ...
  [255]
  [255]
  [255]]

 ...

 [[255]
  [255]
  [255]
  ...
  [255]
  [255]
  [255]]

 [[255]
  [255]
  [255]
  ...
  [255]
  [255]
  [255]]

 [[255]
  [255]
  [255]
  ...
  [255]
  [255]
  [255]]]",[0.],9
10,"[[[255]
  [255]
  [255]
  ...
  [255]
  [255]
  [255]]

 [[255]
  [255]
  [255]
  ...
  [255]
  [255]
  [255]]

 [[255]
  [255]
  [255]
  ...
  [255]
  [255]
  [255]]

 ...

 [[255]
  [255]
  [255]
  ...
  [255]
  [255]
  [255]]

 [[255]
  [255]
  [255]
  ...
  [255]
  [255]
  [255]]

 [[255]
  [255]
  [255]
  ...
  [255]
  [255]
  [255]]]",[0.],10
11,"[[[255]
  [255]
  [255]
  ...
  [255]
  [255]
  [255]]

 [[255]
  [255]
  [255]
  ...
  [255]
  [255]
  [255]]

 [[255]
  [255]
  [255]
  ...
  [255]
  [255]
  [255]]

 ...

 [[255]
  [255]
  [255]
  ...
  [255]
  [255]
  [255]]

 [[255]
  [255]
  [255]
  ...
  [255]
  [255]
  [255]]

 [[255]
  [255]
  [255]
  ...
  [255]
  [255]
  [255]]]",[0.],11
12,"[[[255]
  [255]
  [255]
  ...
  [255]
  [255]
  [255]]

 [[255]
  [255]
  [255]
  ...
  [255]
  [255]
  [255]]

 [[255]
  [255]
  [255]
  ...
  [255]
  [255]
  [255]]

 ...

 [[255]
  [255]
  [255]
  ...
  [255]
  [255]
  [255]]

 [[255]
  [255]
  [255]
  ...
  [255]
  [255]
  [255]]

 [[255]
  [255]
  [255]
  ...
  [255]
  [255]
  [255]]]",[0.],12
13,"[[[255]
  [255]
  [255]
  ...
  [255]
  [255]
  [255]]

 [[255]
  [255]
  [255]
  ...
  [255]
  [255]
  [255]]

 [[255]
  [255]
  [255]
  ...
  [255]
  [255]
  [255]]

 ...

 [[255]
  [255]
  [255]
  ...
  [255]
  [255]
  [255]]

 [[255]
  [255]
  [255]
  ...
  [255]
  [255]
  [255]]

 [[255]
  [255]
  [255]
  ...
  [255]
  [255]
  [255]]]",[0.],13
14,"[[[255]
  [255]
  [255]
  ...
  [255]
  [255]
  [255]]

 [[255]
  [255]
  [255]
  ...
  [255]
  [255]
  [255]]

 [[255]
  [255]
  [255]
  ...
  [255]
  [255]
  [255]]

 ...

 [[255]
  [255]
  [255]
  ...
  [255]
  [255]
  [255]]

 [[255]
  [255]
  [255]
  ...
  [255]
  [255]
  [255]]

 [[255]
  [255]
  [255]
  ...
  [255]
  [255]
  [255]]]",[0.],14
15,"[[[255]
  [255]
  [255]
  ...
  [255]
  [255]
  [255]]

 [[255]
  [255]
  [255]
  ...
  [255]
  [255]
  [255]]

 [[255]
  [255]
  [255]
  ...
  [255]
  [255]
  [255]]

 ...

 [[255]
  [255]
  [255]
  ...
  [255]
  [255]
  [255]]

 [[255]
  [255]
  [255]
  ...
  [255]
  [255]
  [255]]

 [[255]
  [255]
  [255]
  ...
  [255]
  [255]
  [255]]]",[0.],15
16,"[[[255]
  [255]
  [255]
  ...
  [255]
  [255]
  [255]]

 [[255]
  [255]
  [255]
  ...
  [255]
  [255]
  [255]]

 [[255]
  [255]
  [255]
  ...
  [255]
  [255]
  [255]]

 ...

 [[255]
  [255]
  [255]
  ...
  [255]
  [255]
  [255]]

 [[255]
  [255]
  [255]
  ...
  [255]
  [255]
  [255]]

 [[255]
  [255]
  [255]
  ...
  [255]
  [255]
  [255]]]",[0.],16
17,"[[[255]
  [255]
  [255]
  ...
  [255]
  [255]
  [255]]

 [[255]
  [255]
  [255]
  ...
  [255]
  [255]
  [255]]

 [[255]
  [255]
  [255]
  ...
  [255]
  [255]
  [255]]

 ...

 [[255]
  [255]
  [255]
  ...
  [255]
  [255]
  [255]]

 [[255]
  [255]
  [255]
  ...
  [255]
  [255]
  [255]]

 [[255]
  [255]
  [255]
  ...
  [255]
  [255]
  [255]]]",[0.],17
18,"[[[255]
  [255]
  [255]
  ...
  [255]
  [255]
  [255]]

 [[255]
  [255]
  [255]
  ...
  [255]
  [255]
  [255]]

 [[255]
  [255]
  [255]
  ...
  [255]
  [255]
  [255]]

 ...

 [[255]
  [255]
  [255]
  ...
  [255]
  [255]
  [255]]

 [[255]
  [255]
  [255]
  ...
  [255]
  [255]
  [255]]

 [[255]
  [255]
  [255]
  ...
  [255]
  [255]
  [255]]]",[0.],18
19,"[[[255]
  [255]
  [255]
  ...
  [255]
  [255]
  [255]]

 [[255]
  [255]
  [255]
  ...
  [255]
  [255]
  [255]]

 [[255]
  [255]
  [255]
  ...
  [255]
  [255]
  [255]]

 ...

 [[255]
  [255]
  [255]
  ...
  [255]
  [255]
  [255]]

 [[255]
  [255]
  [255]
  ...
  [255]
  [255]
  [255]]

 [[255]
  [255]
  [255]
  ...
  [255]
  [255]
  [255]]]",[0.],19
20,"[[[255]
  [255]
  [255]
  ...
  [255]
  [255]
  [255]]

 [[255]
  [255]
  [255]
  ...
  [255]
  [255]
  [255]]

 [[255]
  [255]
  [255]
  ...
  [255]
  [255]
  [255]]

 ...

 [[255]
  [255]
  [255]
  ...
  [255]
  [255]
  [255]]

 [[255]
  [255]
  [255]
  ...
  [255]
  [255]
  [255]]

 [[255]
  [255]
  [255]
  ...
  [255]
  [255]
  [255]]]",[0.],20
21,"[[[255]
  [255]
  [255]
  ...
  [255]
  [255]
  [255]]

 [[255]
  [255]
  [255]
  ...
  [255]
  [255]
  [255]]

 [[255]
  [255]
  [255]
  ...
  [255]
  [255]
  [255]]

 ...

 [[255]
  [255]
  [255]
  ...
  [255]
  [255]
  [255]]

 [[255]
  [255]
  [255]
  ...
  [255]
  [255]
  [255]]

 [[255]
  [255]
  [255]
  ...
  [255]
  [255]
  [255]]]",[0.],21
22,"[[[255]
  [255]
  [255]
  ...
  [255]
  [255]
  [255]]

 [[255]
  [255]
  [255]
  ...
  [255]
  [255]
  [255]]

 [[255]
  [255]
  [255]
  ...
  [255]
  [255]
  [255]]

 ...

 [[255]
  [255]
  [255]
  ...
  [255]
  [255]
  [255]]

 [[255]
  [255]
  [255]
  ...
  [255]
  [255]
  [255]]

 [[255]
  [255]
  [255]
  ...
  [255]
  [255]
  [255]]]",[0.],22
23,"[[[255]
  [255]
  [255]
  ...
  [255]
  [255]
  [255]]

 [[255]
  [255]
  [255]
  ...
  [255]
  [255]
  [255]]

 [[255]
  [255]
  [255]
  ...
  [255]
  [255]
  [255]]

 ...

 [[255]
  [255]
  [255]
  ...
  [255]
  [255]
  [255]]

 [[255]
  [255]
  [255]
  ...
  [255]
  [255]
  [255]]

 [[255]
  [255]
  [255]
  ...
  [255]
  [255]
  [255]]]",[0.],23
24,"[[[255]
  [255]
  [255]
  ...
  [255]
  [255]
  [255]]

 [[255]
  [255]
  [255]
  ...
  [255]
  [255]
  [255]]

 [[255]
  [255]
  [255]
  ...
  [255]
  [255]
  [255]]

 ...

 [[255]
  [255]
  [255]
  ...
  [255]
  [255]
  [255]]

 [[255]
  [255]
  [255]
  ...
  [255]
  [255]
  [255]]

 [[255]
  [255]
  [255]
  ...
  [255]
  [255]
  [255]]]",[10.],24
25,"[[[255]
  [255]
  [255]
  ...
  [255]
  [255]
  [255]]

 [[255]
  [255]
  [255]
  ...
  [255]
  [255]
  [255]]

 [[255]
  [255]
  [255]
  ...
  [255]
  [255]
  [255]]

 ...

 [[255]
  [255]
  [255]
  ...
  [255]
  [255]
  [255]]

 [[255]
  [255]
  [255]
  ...
  [255]
  [255]
  [255]]

 [[255]
  [255]
  [255]
  ...
  [255]
  [255]
  [255]]]",[10.],25
26,"[[[255]
  [255]
  [255]
  ...
  [255]
  [255]
  [255]]

 [[255]
  [255]
  [255]
  ...
  [255]
  [255]
  [255]]

 [[255]
  [255]
  [255]
  ...
  [255]
  [255]
  [255]]

 ...

 [[255]
  [255]
  [255]
  ...
  [255]
  [255]
  [255]]

 [[255]
  [255]
  [255]
  ...
  [255]
  [255]
  [255]]

 [[255]
  [255]
  [255]
  ...
  [255]
  [255]
  [255]]]",[10.],26
27,"[[[255]
  [255]
  [255]
  ...
  [255]
  [255]
  [255]]

 [[255]
  [255]
  [255]
  ...
  [255]
  [255]
  [255]]

 [[255]
  [255]
  [255]
  ...
  [255]
  [255]
  [255]]

 ...

 [[255]
  [255]
  [255]
  ...
  [255]
  [255]
  [255]]

 [[255]
  [255]
  [255]
  ...
  [255]
  [255]
  [255]]

 [[255]
  [255]
  [255]
  ...
  [255]
  [255]
  [255]]]",[10.],27
28,"[[[255]
  [255]
  [255]
  ...
  [255]
  [255]
  [255]]

 [[255]
  [255]
  [255]
  ...
  [255]
  [255]
  [255]]

 [[255]
  [255]
  [255]
  ...
  [255]
  [255]
  [255]]

 ...

 [[255]
  [255]
  [255]
  ...
  [255]
  [255]
  [255]]

 [[255]
  [255]
  [255]
  ...
  [255]
  [255]
  [255]]

 [[255]
  [255]
  [255]
  ...
  [255]
  [255]
  [255]]]",[10.],28
29,"[[[255]
  [255]
  [255]
  ...
  [255]
  [255]
  [255]]

 [[255]
  [255]
  [255]
  ...
  [255]
  [255]
  [255]]

 [[255]
  [255]
  [255]
  ...
  [255]
  [255]
  [255]]

 ...

 [[255]
  [255]
  [255]
  ...
  [255]
  [255]
  [255]]

 [[255]
  [255]
  [255]
  ...
  [255]
  [255]
  [255]]

 [[255]
  [255]
  [255]
  ...
  [255]
  [255]
  [255]]]",[10.],29
30,"[[[255]
  [255]
  [255]
  ...
  [255]
  [255]
  [255]]

 [[255]
  [255]
  [255]
  ...
  [255]
  [255]
  [255]]

 [[255]
  [255]
  [255]
  ...
  [255]
  [255]
  [255]]

 ...

 [[255]
  [255]
  [255]
  ...
  [255]
  [255]
  [255]]

 [[255]
  [255]
  [255]
  ...
  [255]
  [255]
  [255]]

 [[255]
  [255]
  [255]
  ...
  [255]
  [255]
  [255]]]",[10.],30
31,"[[[255]
  [255]
  [255]
  ...
  [255]
  [255]
  [255]]

 [[255]
  [255]
  [255]
  ...
  [255]
  [255]
  [255]]

 [[255]
  [255]
  [255]
  ...
  [255]
  [255]
  [255]]

 ...

 [[255]
  [255]
  [255]
  ...
  [255]
  [255]
  [255]]

 [[255]
  [255]
  [255]
  ...
  [255]
  [255]
  [255]]

 [[255]
  [255]
  [255]
  ...
  [255]
  [255]
  [255]]]",[10.],31
32,"[[[255]
  [255]
  [255]
  ...
  [255]
  [255]
  [255]]

 [[255]
  [255]
  [255]
  ...
  [255]
  [255]
  [255]]

 [[255]
  [255]
  [255]
  ...
  [255]
  [255]
  [255]]

 ...

 [[255]
  [255]
  [255]
  ...
  [255]
  [255]
  [255]]

 [[255]
  [255]
  [255]
  ...
  [255]
  [255]
  [255]]

 [[255]
  [255]
  [255]
  ...
  [255]
  [255]
  [255]]]",[10.],32
33,"[[[255]
  [255]
  [255]
  ...
  [255]
  [255]
  [255]]

 [[255]
  [255]
  [255]
  ...
  [255]
  [255]
  [255]]

 [[255]
  [255]
  [255]
  ...
  [255]
  [255]
  [255]]

 ...

 [[255]
  [255]
  [255]
  ...
  [255]
  [255]
  [255]]

 [[255]
  [255]
  [255]
  ...
  [255]
  [255]
  [255]]

 [[255]
  [255]
  [255]
  ...
  [255]
  [255]
  [255]]]",[10.],33
34,"[[[255]
  [255]
  [255]
  ...
  [255]
  [255]
  [255]]

 [[255]
  [255]
  [255]
  ...
  [255]
  [255]
  [255]]

 [[255]
  [255]
  [255]
  ...
  [255]
  [255]
  [255]]

 ...

 [[255]
  [255]
  [255]
  ...
  [255]
  [255]
  [255]]

 [[255]
  [255]
  [255]
  ...
  [255]
  [255]
  [255]]

 [[255]
  [255]
  [255]
  ...
  [255]
  [255]
  [255]]]",[10.],34
35,"[[[255]
  [255]
  [255]
  ...
  [255]
  [255]
  [255]]

 [[255]
  [255]
  [255]
  ...
  [255]
  [255]
  [255]]

 [[255]
  [255]
  [255]
  ...
  [255]
  [255]
  [255]]

 ...

 [[255]
  [255]
  [255]
  ...
  [255]
  [255]
  [255]]

 [[255]
  [255]
  [255]
  ...
  [255]
  [255]
  [255]]

 [[255]
  [255]
  [255]
  ...
  [255]
  [255]
  [255]]]",[10.],35
36,"[[[255]
  [255]
  [255]
  ...
  [255]
  [255]
  [255]]

 [[255]
  [255]
  [255]
  ...
  [255]
  [255]
  [255]]

 [[255]
  [255]
  [255]
  ...
  [255]
  [255]
  [255]]

 ...

 [[255]
  [255]
  [255]
  ...
  [255]
  [255]
  [255]]

 [[255]
  [255]
  [255]
  ...
  [255]
  [255]
  [255]]

 [[255]
  [255]
  [255]
  ...
  [255]
  [255]
  [255]]]",[10.],36
37,"[[[ 67]
  [ 68]
  [ 69]
  ...
  [ 62]
  [ 62]
  [ 61]]

 [[ 67]
  [ 68]
  [ 69]
  ...
  [ 62]
  [ 61]
  [ 61]]

 [[ 67]
  [ 68]
  [ 68]
  ...
  [ 62]
  [ 61]
  [ 61]]

 ...

 [[255]
  [255]
  [255]
  ...
  [255]
  [255]
  [255]]

 [[255]
  [255]
  [255]
  ...
  [255]
  [255]
  [255]]

 [[255]
  [255]
  [255]
  ...
  [255]
  [255]
  [255]]]",[10.],37
38,"[[[255]
  [255]
  [255]
  ...
  [255]
  [255]
  [255]]

 [[255]
  [255]
  [255]
  ...
  [255]
  [255]
  [255]]

 [[255]
  [255]
  [255]
  ...
  [255]
  [255]
  [255]]

 ...

 [[255]
  [255]
  [255]
  ...
  [255]
  [255]
  [255]]

 [[255]
  [255]
  [255]
  ...
  [255]
  [255]
  [255]]

 [[255]
  [255]
  [255]
  ...
  [255]
  [255]
  [255]]]",[10.],38
39,"[[[255]
  [255]
  [255]
  ...
  [255]
  [255]
  [255]]

 [[255]
  [255]
  [255]
  ...
  [255]
  [255]
  [255]]

 [[255]
  [255]
  [255]
  ...
  [255]
  [255]
  [255]]

 ...

 [[255]
  [255]
  [255]
  ...
  [255]
  [255]
  [255]]

 [[255]
  [255]
  [255]
  ...
  [255]
  [255]
  [255]]

 [[255]
  [255]
  [255]
  ...
  [255]
  [255]
  [255]]]",[10.],39
40,"[[[255]
  [255]
  [255]
  ...
  [255]
  [255]
  [255]]

 [[255]
  [255]
  [255]
  ...
  [255]
  [255]
  [255]]

 [[255]
  [255]
  [255]
  ...
  [255]
  [255]
  [255]]

 ...

 [[255]
  [255]
  [255]
  ...
  [255]
  [255]
  [255]]

 [[255]
  [255]
  [255]
  ...
  [255]
  [255]
  [255]]

 [[255]
  [255]
  [255]
  ...
  [255]
  [255]
  [255]]]",[10.],40
41,"[[[255]
  [255]
  [255]
  ...
  [255]
  [255]
  [255]]

 [[255]
  [255]
  [255]
  ...
  [255]
  [255]
  [255]]

 [[255]
  [255]
  [255]
  ...
  [255]
  [255]
  [255]]

 ...

 [[255]
  [255]
  [255]
  ...
  [255]
  [255]
  [255]]

 [[255]
  [255]
  [255]
  ...
  [255]
  [255]
  [255]]

 [[255]
  [255]
  [255]
  ...
  [255]
  [255]
  [255]]]",[10.],41
42,"[[[255]
  [255]
  [255]
  ...
  [255]
  [255]
  [255]]

 [[255]
  [255]
  [255]
  ...
  [255]
  [255]
  [255]]

 [[255]
  [255]
  [255]
  ...
  [255]
  [255]
  [255]]

 ...

 [[255]
  [255]
  [255]
  ...
  [255]
  [255]
  [255]]

 [[255]
  [255]
  [255]
  ...
  [255]
  [255]
  [255]]

 [[255]
  [255]
  [255]
  ...
  [255]
  [255]
  [255]]]",[10.],42
43,"[[[255]
  [255]
  [255]
  ...
  [255]
  [255]
  [255]]

 [[255]
  [255]
  [255]
  ...
  [255]
  [255]
  [255]]

 [[255]
  [255]
  [255]
  ...
  [255]
  [255]
  [255]]

 ...

 [[255]
  [255]
  [255]
  ...
  [255]
  [255]
  [255]]

 [[255]
  [255]
  [255]
  ...
  [255]
  [255]
  [255]]

 [[255]
  [255]
  [255]
  ...
  [255]
  [255]
  [255]]]",[10.],43
44,"[[[255]
  [255]
  [255]
  ...
  [255]
  [255]
  [255]]

 [[255]
  [255]
  [255]
  ...
  [255]
  [255]
  [255]]

 [[255]
  [255]
  [255]
  ...
  [255]
  [255]
  [255]]

 ...

 [[255]
  [255]
  [255]
  ...
  [255]
  [255]
  [255]]

 [[255]
  [255]
  [255]
  ...
  [255]
  [255]
  [255]]

 [[255]
  [255]
  [255]
  ...
  [255]
  [255]
  [255]]]",[10.],44
45,"[[[255]
  [255]
  [255]
  ...
  [255]
  [255]
  [255]]

 [[255]
  [255]
  [255]
  ...
  [255]
  [255]
  [255]]

 [[255]
  [255]
  [255]
  ...
  [255]
  [255]
  [255]]

 ...

 [[255]
  [255]
  [255]
  ...
  [255]
  [255]
  [255]]

 [[255]
  [255]
  [255]
  ...
  [255]
  [255]
  [255]]

 [[255]
  [255]
  [255]
  ...
  [255]
  [255]
  [255]]]",[10.],45
46,"[[[255]
  [255]
  [255]
  ...
  [255]
  [255]
  [255]]

 [[255]
  [255]
  [255]
  ...
  [255]
  [255]
  [255]]

 [[255]
  [255]
  [255]
  ...
  [255]
  [255]
  [255]]

 ...

 [[255]
  [255]
  [255]
  ...
  [255]
  [255]
  [255]]

 [[255]
  [255]
  [255]
  ...
  [255]
  [255]
  [255]]

 [[255]
  [255]
  [255]
  ...
  [255]
  [255]
  [255]]]",[10.],46
47,"[[[255]
  [255]
  [255]
  ...
  [255]
  [255]
  [255]]

 [[255]
  [255]
  [255]
  ...
  [255]
  [255]
  [255]]

 [[255]
  [255]
  [255]
  ...
  [255]
  [255]
  [255]]

 ...

 [[255]
  [255]
  [255]
  ...
  [255]
  [255]
  [255]]

 [[255]
  [255]
  [255]
  ...
  [255]
  [255]
  [255]]

 [[255]
  [255]
  [255]
  ...
  [255]
  [255]
  [255]]]",[20.],47
48,"[[[255]
  [255]
  [255]
  ...
  [255]
  [255]
  [255]]

 [[255]
  [255]
  [255]
  ...
  [255]
  [255]
  [255]]

 [[255]
  [255]
  [255]
  ...
  [255]
  [255]
  [255]]

 ...

 [[255]
  [255]
  [255]
  ...
  [255]
  [255]
  [255]]

 [[255]
  [255]
  [255]
  ...
  [255]
  [255]
  [255]]

 [[255]
  [255]
  [255]
  ...
  [255]
  [255]
  [255]]]",[20.],48
49,"[[[255]
  [255]
  [255]
  ...
  [255]
  [255]
  [255]]

 [[255]
  [255]
  [255]
  ...
  [255]
  [255]
  [255]]

 [[255]
  [255]
  [255]
  ...
  [255]
  [255]
  [255]]

 ...

 [[255]
  [255]
  [255]
  ...
  [255]
  [255]
  [255]]

 [[255]
  [255]
  [255]
  ...
  [255]
  [255]
  [255]]

 [[255]
  [255]
  [255]
  ...
  [255]
  [255]
  [255]]]",[20.],49
50,"[[[255]
  [255]
  [255]
  ...
  [255]
  [255]
  [255]]

 [[255]
  [255]
  [255]
  ...
  [255]
  [255]
  [255]]

 [[255]
  [255]
  [255]
  ...
  [255]
  [255]
  [255]]

 ...

 [[255]
  [255]
  [255]
  ...
  [255]
  [255]
  [255]]

 [[255]
  [255]
  [255]
  ...
  [255]
  [255]
  [255]]

 [[255]
  [255]
  [255]
  ...
  [255]
  [255]
  [255]]]",[20.],50
51,"[[[255]
  [255]
  [255]
  ...
  [255]
  [255]
  [255]]

 [[255]
  [255]
  [255]
  ...
  [255]
  [255]
  [255]]

 [[255]
  [255]
  [255]
  ...
  [255]
  [255]
  [255]]

 ...

 [[255]
  [255]
  [255]
  ...
  [255]
  [255]
  [255]]

 [[255]
  [255]
  [255]
  ...
  [255]
  [255]
  [255]]

 [[255]
  [255]
  [255]
  ...
  [255]
  [255]
  [255]]]",[20.],51
52,"[[[255]
  [255]
  [255]
  ...
  [255]
  [255]
  [255]]

 [[255]
  [255]
  [255]
  ...
  [255]
  [255]
  [255]]

 [[255]
  [255]
  [255]
  ...
  [255]
  [255]
  [255]]

 ...

 [[255]
  [255]
  [255]
  ...
  [255]
  [255]
  [255]]

 [[255]
  [255]
  [255]
  ...
  [255]
  [255]
  [255]]

 [[255]
  [255]
  [255]
  ...
  [255]
  [255]
  [255]]]",[20.],52
53,"[[[255]
  [255]
  [255]
  ...
  [255]
  [255]
  [255]]

 [[255]
  [255]
  [255]
  ...
  [255]
  [255]
  [255]]

 [[255]
  [255]
  [255]
  ...
  [255]
  [255]
  [255]]

 ...

 [[255]
  [255]
  [255]
  ...
  [255]
  [255]
  [255]]

 [[255]
  [255]
  [255]
  ...
  [255]
  [255]
  [255]]

 [[255]
  [255]
  [255]
  ...
  [255]
  [255]
  [255]]]",[20.],53
54,"[[[255]
  [255]
  [255]
  ...
  [255]
  [255]
  [255]]

 [[255]
  [255]
  [255]
  ...
  [255]
  [255]
  [255]]

 [[255]
  [255]
  [255]
  ...
  [255]
  [255]
  [255]]

 ...

 [[255]
  [255]
  [255]
  ...
  [255]
  [255]
  [255]]

 [[255]
  [255]
  [255]
  ...
  [255]
  [255]
  [255]]

 [[255]
  [255]
  [255]
  ...
  [255]
  [255]
  [255]]]",[20.],54
55,"[[[255]
  [255]
  [255]
  ...
  [255]
  [255]
  [255]]

 [[255]
  [255]
  [255]
  ...
  [255]
  [255]
  [255]]

 [[255]
  [255]
  [255]
  ...
  [255]
  [255]
  [255]]

 ...

 [[255]
  [255]
  [255]
  ...
  [255]
  [255]
  [255]]

 [[255]
  [255]
  [255]
  ...
  [255]
  [255]
  [255]]

 [[255]
  [255]
  [255]
  ...
  [255]
  [255]
  [255]]]",[20.],55
56,"[[[255]
  [255]
  [255]
  ...
  [255]
  [255]
  [255]]

 [[255]
  [255]
  [255]
  ...
  [255]
  [255]
  [255]]

 [[255]
  [255]
  [255]
  ...
  [255]
  [255]
  [255]]

 ...

 [[255]
  [255]
  [255]
  ...
  [255]
  [255]
  [255]]

 [[255]
  [255]
  [255]
  ...
  [255]
  [255]
  [255]]

 [[255]
  [255]
  [255]
  ...
  [255]
  [255]
  [255]]]",[20.],56
57,"[[[255]
  [255]
  [255]
  ...
  [255]
  [255]
  [255]]

 [[255]
  [255]
  [255]
  ...
  [255]
  [255]
  [255]]

 [[255]
  [255]
  [255]
  ...
  [255]
  [255]
  [255]]

 ...

 [[255]
  [255]
  [255]
  ...
  [255]
  [255]
  [255]]

 [[255]
  [255]
  [255]
  ...
  [255]
  [255]
  [255]]

 [[255]
  [255]
  [255]
  ...
  [255]
  [255]
  [255]]]",[20.],57
58,"[[[255]
  [255]
  [255]
  ...
  [255]
  [255]
  [255]]

 [[255]
  [255]
  [255]
  ...
  [255]
  [255]
  [255]]

 [[255]
  [255]
  [255]
  ...
  [255]
  [255]
  [255]]

 ...

 [[255]
  [255]
  [255]
  ...
  [255]
  [255]
  [255]]

 [[255]
  [255]
  [255]
  ...
  [255]
  [255]
  [255]]

 [[255]
  [255]
  [255]
  ...
  [255]
  [255]
  [255]]]",[20.],58
59,"[[[ 67]
  [ 68]
  [ 69]
  ...
  [ 62]
  [ 62]
  [ 61]]

 [[ 67]
  [ 68]
  [ 69]
  ...
  [ 62]
  [ 61]
  [ 61]]

 [[ 67]
  [ 68]
  [ 68]
  ...
  [ 62]
  [ 61]
  [ 61]]

 ...

 [[255]
  [255]
  [255]
  ...
  [255]
  [255]
  [255]]

 [[255]
  [255]
  [255]
  ...
  [255]
  [255]
  [255]]

 [[255]
  [255]
  [255]
  ...
  [255]
  [255]
  [255]]]",[20.],59
60,"[[[ 67]
  [ 68]
  [ 69]
  ...
  [ 62]
  [ 62]
  [ 61]]

 [[ 67]
  [ 68]
  [ 69]
  ...
  [ 62]
  [ 61]
  [ 61]]

 [[ 67]
  [ 68]
  [ 68]
  ...
  [ 62]
  [ 61]
  [ 61]]

 ...

 [[255]
  [255]
  [255]
  ...
  [255]
  [255]
  [255]]

 [[255]
  [255]
  [255]
  ...
  [255]
  [255]
  [255]]

 [[255]
  [255]
  [255]
  ...
  [255]
  [255]
  [255]]]",[20.],60
61,"[[[255]
  [255]
  [255]
  ...
  [255]
  [255]
  [255]]

 [[255]
  [255]
  [255]
  ...
  [255]
  [255]
  [255]]

 [[255]
  [255]
  [255]
  ...
  [255]
  [255]
  [255]]

 ...

 [[255]
  [255]
  [255]
  ...
  [255]
  [255]
  [255]]

 [[255]
  [255]
  [255]
  ...
  [255]
  [255]
  [255]]

 [[255]
  [255]
  [255]
  ...
  [255]
  [255]
  [255]]]",[20.],61
62,"[[[255]
  [255]
  [255]
  ...
  [255]
  [255]
  [255]]

 [[255]
  [255]
  [255]
  ...
  [255]
  [255]
  [255]]

 [[255]
  [255]
  [255]
  ...
  [255]
  [255]
  [255]]

 ...

 [[255]
  [255]
  [255]
  ...
  [255]
  [255]
  [255]]

 [[255]
  [255]
  [255]
  ...
  [255]
  [255]
  [255]]

 [[255]
  [255]
  [255]
  ...
  [255]
  [255]
  [255]]]",[20.],62
63,"[[[255]
  [255]
  [255]
  ...
  [255]
  [255]
  [255]]

 [[255]
  [255]
  [255]
  ...
  [255]
  [255]
  [255]]

 [[255]
  [255]
  [255]
  ...
  [255]
  [255]
  [255]]

 ...

 [[255]
  [255]
  [255]
  ...
  [255]
  [255]
  [255]]

 [[255]
  [255]
  [255]
  ...
  [255]
  [255]
  [255]]

 [[255]
  [255]
  [255]
  ...
  [255]
  [255]
  [255]]]",[20.],63
64,"[[[255]
  [255]
  [255]
  ...
  [255]
  [255]
  [255]]

 [[255]
  [255]
  [255]
  ...
  [255]
  [255]
  [255]]

 [[255]
  [255]
  [255]
  ...
  [255]
  [255]
  [255]]

 ...

 [[255]
  [255]
  [255]
  ...
  [255]
  [255]
  [255]]

 [[255]
  [255]
  [255]
  ...
  [255]
  [255]
  [255]]

 [[255]
  [255]
  [255]
  ...
  [255]
  [255]
  [255]]]",[20.],64
65,"[[[255]
  [255]
  [255]
  ...
  [255]
  [255]
  [255]]

 [[255]
  [255]
  [255]
  ...
  [255]
  [255]
  [255]]

 [[255]
  [255]
  [255]
  ...
  [255]
  [255]
  [255]]

 ...

 [[255]
  [255]
  [255]
  ...
  [255]
  [255]
  [255]]

 [[255]
  [255]
  [255]
  ...
  [255]
  [255]
  [255]]

 [[255]
  [255]
  [255]
  ...
  [255]
  [255]
  [255]]]",[20.],65
66,"[[[255]
  [255]
  [255]
  ...
  [255]
  [255]
  [255]]

 [[255]
  [255]
  [255]
  ...
  [255]
  [255]
  [255]]

 [[255]
  [255]
  [255]
  ...
  [255]
  [255]
  [255]]

 ...

 [[255]
  [255]
  [255]
  ...
  [255]
  [255]
  [255]]

 [[255]
  [255]
  [255]
  ...
  [255]
  [255]
  [255]]

 [[255]
  [255]
  [255]
  ...
  [255]
  [255]
  [255]]]",[20.],66
67,"[[[255]
  [255]
  [255]
  ...
  [255]
  [255]
  [255]]

 [[255]
  [255]
  [255]
  ...
  [255]
  [255]
  [255]]

 [[255]
  [255]
  [255]
  ...
  [255]
  [255]
  [255]]

 ...

 [[255]
  [255]
  [255]
  ...
  [255]
  [255]
  [255]]

 [[255]
  [255]
  [255]
  ...
  [255]
  [255]
  [255]]

 [[255]
  [255]
  [255]
  ...
  [255]
  [255]
  [255]]]",[20.],67
68,"[[[255]
  [255]
  [255]
  ...
  [255]
  [255]
  [255]]

 [[255]
  [255]
  [255]
  ...
  [255]
  [255]
  [255]]

 [[255]
  [255]
  [255]
  ...
  [255]
  [255]
  [255]]

 ...

 [[255]
  [255]
  [255]
  ...
  [255]
  [255]
  [255]]

 [[255]
  [255]
  [255]
  ...
  [255]
  [255]
  [255]]

 [[255]
  [255]
  [255]
  ...
  [255]
  [255]
  [255]]]",[20.],68
69,"[[[ 67]
  [ 68]
  [ 69]
  ...
  [ 62]
  [ 62]
  [ 61]]

 [[ 67]
  [ 68]
  [ 69]
  ...
  [ 62]
  [ 61]
  [ 61]]

 [[ 67]
  [ 68]
  [ 68]
  ...
  [ 62]
  [ 61]
  [ 61]]

 ...

 [[255]
  [255]
  [255]
  ...
  [255]
  [255]
  [255]]

 [[255]
  [255]
  [255]
  ...
  [255]
  [255]
  [255]]

 [[255]
  [255]
  [255]
  ...
  [255]
  [255]
  [255]]]",[30.],69
70,"[[[255]
  [255]
  [255]
  ...
  [255]
  [255]
  [255]]

 [[255]
  [255]
  [255]
  ...
  [255]
  [255]
  [255]]

 [[255]
  [255]
  [255]
  ...
  [255]
  [255]
  [255]]

 ...

 [[255]
  [255]
  [255]
  ...
  [255]
  [255]
  [255]]

 [[255]
  [255]
  [255]
  ...
  [255]
  [255]
  [255]]

 [[255]
  [255]
  [255]
  ...
  [255]
  [255]
  [255]]]",[30.],70
71,"[[[255]
  [255]
  [255]
  ...
  [255]
  [255]
  [255]]

 [[255]
  [255]
  [255]
  ...
  [255]
  [255]
  [255]]

 [[255]
  [255]
  [255]
  ...
  [255]
  [255]
  [255]]

 ...

 [[255]
  [255]
  [255]
  ...
  [255]
  [255]
  [255]]

 [[255]
  [255]
  [255]
  ...
  [255]
  [255]
  [255]]

 [[255]
  [255]
  [255]
  ...
  [255]
  [255]
  [255]]]",[30.],71
72,"[[[255]
  [255]
  [255]
  ...
  [255]
  [255]
  [255]]

 [[255]
  [255]
  [255]
  ...
  [255]
  [255]
  [255]]

 [[255]
  [255]
  [255]
  ...
  [255]
  [255]
  [255]]

 ...

 [[255]
  [255]
  [255]
  ...
  [255]
  [255]
  [255]]

 [[255]
  [255]
  [255]
  ...
  [255]
  [255]
  [255]]

 [[255]
  [255]
  [255]
  ...
  [255]
  [255]
  [255]]]",[30.],72
73,"[[[255]
  [255]
  [255]
  ...
  [255]
  [255]
  [255]]

 [[255]
  [255]
  [255]
  ...
  [255]
  [255]
  [255]]

 [[255]
  [255]
  [255]
  ...
  [255]
  [255]
  [255]]

 ...

 [[255]
  [255]
  [255]
  ...
  [255]
  [255]
  [255]]

 [[255]
  [255]
  [255]
  ...
  [255]
  [255]
  [255]]

 [[255]
  [255]
  [255]
  ...
  [255]
  [255]
  [255]]]",[30.],73
74,"[[[255]
  [255]
  [255]
  ...
  [255]
  [255]
  [255]]

 [[255]
  [255]
  [255]
  ...
  [255]
  [255]
  [255]]

 [[255]
  [255]
  [255]
  ...
  [255]
  [255]
  [255]]

 ...

 [[255]
  [255]
  [255]
  ...
  [255]
  [255]
  [255]]

 [[255]
  [255]
  [255]
  ...
  [255]
  [255]
  [255]]

 [[255]
  [255]
  [255]
  ...
  [255]
  [255]
  [255]]]",[30.],74
75,"[[[255]
  [255]
  [255]
  ...
  [255]
  [255]
  [255]]

 [[255]
  [255]
  [255]
  ...
  [255]
  [255]
  [255]]

 [[255]
  [255]
  [ 68]
  ...
  [161]
  [255]
  [255]]

 ...

 [[255]
  [255]
  [255]
  ...
  [255]
  [255]
  [255]]

 [[255]
  [255]
  [255]
  ...
  [255]
  [255]
  [255]]

 [[255]
  [255]
  [255]
  ...
  [255]
  [255]
  [255]]]",[30.],75
76,"[[[255]
  [255]
  [255]
  ...
  [255]
  [255]
  [255]]

 [[255]
  [255]
  [255]
  ...
  [255]
  [255]
  [255]]

 [[255]
  [255]
  [255]
  ...
  [255]
  [255]
  [255]]

 ...

 [[255]
  [255]
  [255]
  ...
  [255]
  [255]
  [255]]

 [[255]
  [255]
  [255]
  ...
  [255]
  [255]
  [255]]

 [[255]
  [255]
  [255]
  ...
  [255]
  [255]
  [255]]]",[30.],76
77,"[[[255]
  [255]
  [255]
  ...
  [255]
  [255]
  [255]]

 [[255]
  [255]
  [255]
  ...
  [255]
  [255]
  [255]]

 [[255]
  [255]
  [255]
  ...
  [255]
  [255]
  [255]]

 ...

 [[255]
  [255]
  [255]
  ...
  [255]
  [255]
  [255]]

 [[255]
  [255]
  [255]
  ...
  [255]
  [255]
  [255]]

 [[255]
  [255]
  [255]
  ...
  [255]
  [255]
  [255]]]",[30.],77
78,"[[[255]
  [255]
  [255]
  ...
  [255]
  [255]
  [255]]

 [[255]
  [255]
  [255]
  ...
  [255]
  [255]
  [255]]

 [[255]
  [255]
  [255]
  ...
  [255]
  [255]
  [255]]

 ...

 [[255]
  [255]
  [255]
  ...
  [255]
  [255]
  [255]]

 [[255]
  [255]
  [255]
  ...
  [255]
  [255]
  [255]]

 [[255]
  [255]
  [255]
  ...
  [255]
  [255]
  [255]]]",[30.],78
79,"[[[255]
  [255]
  [255]
  ...
  [255]
  [255]
  [255]]

 [[255]
  [255]
  [255]
  ...
  [255]
  [255]
  [255]]

 [[255]
  [255]
  [255]
  ...
  [255]
  [255]
  [255]]

 ...

 [[255]
  [255]
  [255]
  ...
  [255]
  [255]
  [255]]

 [[255]
  [255]
  [255]
  ...
  [255]
  [255]
  [255]]

 [[255]
  [255]
  [255]
  ...
  [255]
  [255]
  [255]]]",[30.],79
80,"[[[255]
  [255]
  [255]
  ...
  [255]
  [255]
  [255]]

 [[255]
  [255]
  [255]
  ...
  [255]
  [255]
  [255]]

 [[255]
  [255]
  [255]
  ...
  [255]
  [255]
  [255]]

 ...

 [[255]
  [255]
  [255]
  ...
  [255]
  [255]
  [255]]

 [[255]
  [255]
  [255]
  ...
  [255]
  [255]
  [255]]

 [[255]
  [255]
  [255]
  ...
  [255]
  [255]
  [255]]]",[30.],80
81,"[[[ 67]
  [ 68]
  [ 69]
  ...
  [ 62]
  [ 62]
  [ 61]]

 [[ 67]
  [ 68]
  [ 69]
  ...
  [ 62]
  [ 61]
  [ 61]]

 [[ 67]
  [ 68]
  [ 68]
  ...
  [ 62]
  [ 61]
  [ 61]]

 ...

 [[255]
  [255]
  [255]
  ...
  [255]
  [255]
  [255]]

 [[255]
  [255]
  [255]
  ...
  [255]
  [255]
  [255]]

 [[255]
  [255]
  [255]
  ...
  [255]
  [255]
  [255]]]",[30.],81
82,"[[[255]
  [255]
  [255]
  ...
  [255]
  [255]
  [255]]

 [[255]
  [255]
  [255]
  ...
  [255]
  [255]
  [255]]

 [[255]
  [255]
  [255]
  ...
  [255]
  [255]
  [255]]

 ...

 [[255]
  [255]
  [255]
  ...
  [255]
  [255]
  [255]]

 [[255]
  [255]
  [255]
  ...
  [255]
  [255]
  [255]]

 [[255]
  [255]
  [255]
  ...
  [255]
  [255]
  [255]]]",[30.],82
83,"[[[255]
  [255]
  [255]
  ...
  [255]
  [255]
  [255]]

 [[255]
  [255]
  [255]
  ...
  [255]
  [255]
  [255]]

 [[255]
  [255]
  [255]
  ...
  [255]
  [255]
  [255]]

 ...

 [[255]
  [255]
  [255]
  ...
  [255]
  [255]
  [255]]

 [[255]
  [255]
  [255]
  ...
  [255]
  [255]
  [255]]

 [[255]
  [255]
  [255]
  ...
  [255]
  [255]
  [255]]]",[30.],83
84,"[[[255]
  [255]
  [255]
  ...
  [255]
  [255]
  [255]]

 [[255]
  [255]
  [255]
  ...
  [255]
  [255]
  [255]]

 [[255]
  [255]
  [255]
  ...
  [255]
  [255]
  [255]]

 ...

 [[255]
  [255]
  [255]
  ...
  [255]
  [255]
  [255]]

 [[255]
  [255]
  [255]
  ...
  [255]
  [255]
  [255]]

 [[255]
  [255]
  [255]
  ...
  [255]
  [255]
  [255]]]",[30.],84
85,"[[[255]
  [255]
  [255]
  ...
  [255]
  [255]
  [255]]

 [[255]
  [255]
  [255]
  ...
  [255]
  [255]
  [255]]

 [[255]
  [255]
  [255]
  ...
  [255]
  [255]
  [255]]

 ...

 [[255]
  [255]
  [255]
  ...
  [255]
  [255]
  [255]]

 [[255]
  [255]
  [255]
  ...
  [255]
  [255]
  [255]]

 [[255]
  [255]
  [255]
  ...
  [255]
  [255]
  [255]]]",[30.],85
86,"[[[255]
  [255]
  [255]
  ...
  [255]
  [255]
  [255]]

 [[255]
  [255]
  [255]
  ...
  [255]
  [255]
  [255]]

 [[255]
  [255]
  [255]
  ...
  [255]
  [255]
  [255]]

 ...

 [[255]
  [255]
  [255]
  ...
  [255]
  [255]
  [255]]

 [[255]
  [255]
  [255]
  ...
  [255]
  [255]
  [255]]

 [[255]
  [255]
  [255]
  ...
  [255]
  [255]
  [255]]]",[30.],86
87,"[[[255]
  [255]
  [255]
  ...
  [255]
  [255]
  [255]]

 [[255]
  [255]
  [255]
  ...
  [255]
  [255]
  [255]]

 [[255]
  [255]
  [255]
  ...
  [255]
  [255]
  [255]]

 ...

 [[255]
  [255]
  [255]
  ...
  [255]
  [255]
  [255]]

 [[255]
  [255]
  [255]
  ...
  [255]
  [255]
  [255]]

 [[255]
  [255]
  [255]
  ...
  [255]
  [255]
  [255]]]",[30.],87
88,"[[[255]
  [255]
  [255]
  ...
  [255]
  [255]
  [255]]

 [[255]
  [255]
  [255]
  ...
  [255]
  [255]
  [255]]

 [[255]
  [255]
  [255]
  ...
  [255]
  [255]
  [255]]

 ...

 [[255]
  [255]
  [255]
  ...
  [255]
  [255]
  [255]]

 [[255]
  [255]
  [255]
  ...
  [255]
  [255]
  [255]]

 [[255]
  [255]
  [255]
  ...
  [255]
  [255]
  [255]]]",[30.],88
89,"[[[255]
  [255]
  [255]
  ...
  [255]
  [255]
  [255]]

 [[255]
  [255]
  [255]
  ...
  [255]
  [255]
  [255]]

 [[255]
  [255]
  [255]
  ...
  [255]
  [255]
  [255]]

 ...

 [[255]
  [255]
  [255]
  ...
  [255]
  [255]
  [255]]

 [[255]
  [255]
  [255]
  ...
  [255]
  [255]
  [255]]

 [[255]
  [255]
  [255]
  ...
  [255]
  [255]
  [255]]]",[30.],89
90,"[[[255]
  [255]
  [255]
  ...
  [255]
  [255]
  [255]]

 [[255]
  [255]
  [255]
  ...
  [255]
  [255]
  [255]]

 [[255]
  [255]
  [255]
  ...
  [255]
  [255]
  [255]]

 ...

 [[255]
  [255]
  [255]
  ...
  [255]
  [255]
  [255]]

 [[255]
  [255]
  [255]
  ...
  [255]
  [255]
  [255]]

 [[255]
  [255]
  [255]
  ...
  [255]
  [255]
  [255]]]",[30.],90
91,"[[[255]
  [255]
  [255]
  ...
  [255]
  [255]
  [255]]

 [[255]
  [255]
  [255]
  ...
  [255]
  [255]
  [255]]

 [[255]
  [255]
  [255]
  ...
  [255]
  [255]
  [255]]

 ...

 [[255]
  [255]
  [255]
  ...
  [255]
  [255]
  [255]]

 [[255]
  [255]
  [255]
  ...
  [255]
  [255]
  [255]]

 [[255]
  [255]
  [255]
  ...
  [255]
  [255]
  [255]]]",[30.],91
92,"[[[255]
  [255]
  [255]
  ...
  [255]
  [255]
  [255]]

 [[255]
  [255]
  [255]
  ...
  [255]
  [255]
  [255]]

 [[255]
  [255]
  [255]
  ...
  [255]
  [255]
  [255]]

 ...

 [[255]
  [255]
  [255]
  ...
  [255]
  [255]
  [255]]

 [[255]
  [255]
  [255]
  ...
  [255]
  [255]
  [255]]

 [[255]
  [255]
  [255]
  ...
  [255]
  [255]
  [255]]]",[40.],92
93,"[[[ 67]
  [ 68]
  [ 69]
  ...
  [ 62]
  [ 62]
  [ 61]]

 [[ 67]
  [ 68]
  [ 69]
  ...
  [ 62]
  [ 61]
  [ 61]]

 [[ 67]
  [ 68]
  [ 68]
  ...
  [ 62]
  [ 61]
  [ 61]]

 ...

 [[255]
  [255]
  [255]
  ...
  [255]
  [255]
  [255]]

 [[255]
  [255]
  [255]
  ...
  [255]
  [255]
  [255]]

 [[255]
  [255]
  [255]
  ...
  [255]
  [255]
  [255]]]",[40.],93
94,"[[[255]
  [255]
  [255]
  ...
  [255]
  [255]
  [255]]

 [[255]
  [255]
  [255]
  ...
  [255]
  [255]
  [255]]

 [[255]
  [255]
  [255]
  ...
  [255]
  [255]
  [255]]

 ...

 [[255]
  [255]
  [255]
  ...
  [255]
  [255]
  [255]]

 [[255]
  [255]
  [255]
  ...
  [255]
  [255]
  [255]]

 [[255]
  [255]
  [255]
  ...
  [255]
  [255]
  [255]]]",[40.],94
95,"[[[255]
  [255]
  [255]
  ...
  [255]
  [255]
  [255]]

 [[255]
  [255]
  [255]
  ...
  [255]
  [255]
  [255]]

 [[255]
  [255]
  [255]
  ...
  [255]
  [255]
  [255]]

 ...

 [[255]
  [255]
  [255]
  ...
  [255]
  [255]
  [255]]

 [[255]
  [255]
  [255]
  ...
  [255]
  [255]
  [255]]

 [[255]
  [255]
  [255]
  ...
  [255]
  [255]
  [255]]]",[40.],95
96,"[[[255]
  [255]
  [255]
  ...
  [255]
  [255]
  [255]]

 [[255]
  [255]
  [255]
  ...
  [255]
  [255]
  [255]]

 [[255]
  [255]
  [255]
  ...
  [255]
  [255]
  [255]]

 ...

 [[255]
  [255]
  [255]
  ...
  [255]
  [255]
  [255]]

 [[255]
  [255]
  [255]
  ...
  [255]
  [255]
  [255]]

 [[255]
  [255]
  [255]
  ...
  [255]
  [255]
  [255]]]",[40.],96
97,"[[[255]
  [255]
  [255]
  ...
  [255]
  [255]
  [255]]

 [[255]
  [255]
  [255]
  ...
  [255]
  [255]
  [255]]

 [[255]
  [255]
  [255]
  ...
  [255]
  [255]
  [255]]

 ...

 [[255]
  [255]
  [255]
  ...
  [255]
  [255]
  [255]]

 [[255]
  [255]
  [255]
  ...
  [255]
  [255]
  [255]]

 [[255]
  [255]
  [255]
  ...
  [255]
  [255]
  [255]]]",[40.],97
98,"[[[255]
  [255]
  [255]
  ...
  [255]
  [255]
  [255]]

 [[255]
  [255]
  [255]
  ...
  [255]
  [255]
  [255]]

 [[255]
  [255]
  [255]
  ...
  [255]
  [255]
  [255]]

 ...

 [[255]
  [255]
  [255]
  ...
  [255]
  [255]
  [255]]

 [[255]
  [255]
  [255]
  ...
  [255]
  [255]
  [255]]

 [[255]
  [255]
  [255]
  ...
  [255]
  [255]
  [255]]]",[40.],98
99,"[[[255]
  [255]
  [255]
  ...
  [255]
  [255]
  [255]]

 [[255]
  [255]
  [255]
  ...
  [255]
  [255]
  [255]]

 [[255]
  [255]
  [255]
  ...
  [255]
  [255]
  [255]]

 ...

 [[255]
  [255]
  [255]
  ...
  [255]
  [255]
  [255]]

 [[255]
  [255]
  [255]
  ...
  [255]
  [255]
  [255]]

 [[255]
  [255]
  [255]
  ...
  [255]
  [255]
  [255]]]",[40.],99
100,"[[[255]
  [255]
  [255]
  ...
  [255]
  [255]
  [255]]

 [[255]
  [255]
  [255]
  ...
  [255]
  [255]
  [255]]

 [[255]
  [255]
  [255]
  ...
  [255]
  [255]
  [255]]

 ...

 [[255]
  [255]
  [255]
  ...
  [255]
  [255]
  [255]]

 [[255]
  [255]
  [255]
  ...
  [255]
  [255]
  [255]]

 [[255]
  [255]
  [255]
  ...
  [255]
  [255]
  [255]]]",[40.],100
101,"[[[255]
  [255]
  [255]
  ...
  [255]
  [255]
  [255]]

 [[255]
  [255]
  [255]
  ...
  [255]
  [255]
  [255]]

 [[255]
  [255]
  [255]
  ...
  [255]
  [255]
  [255]]

 ...

 [[255]
  [255]
  [255]
  ...
  [255]
  [255]
  [255]]

 [[255]
  [255]
  [255]
  ...
  [255]
  [255]
  [255]]

 [[255]
  [255]
  [255]
  ...
  [255]
  [255]
  [255]]]",[40.],101
102,"[[[ 67]
  [ 68]
  [ 69]
  ...
  [ 62]
  [ 62]
  [ 61]]

 [[ 67]
  [ 68]
  [ 69]
  ...
  [ 62]
  [ 61]
  [ 61]]

 [[ 67]
  [ 68]
  [ 68]
  ...
  [ 62]
  [ 61]
  [ 61]]

 ...

 [[255]
  [255]
  [255]
  ...
  [255]
  [255]
  [255]]

 [[255]
  [255]
  [255]
  ...
  [255]
  [255]
  [255]]

 [[255]
  [255]
  [255]
  ...
  [255]
  [255]
  [255]]]",[40.],102
103,"[[[255]
  [255]
  [255]
  ...
  [255]
  [255]
  [255]]

 [[255]
  [255]
  [255]
  ...
  [255]
  [255]
  [255]]

 [[255]
  [255]
  [255]
  ...
  [255]
  [255]
  [255]]

 ...

 [[255]
  [255]
  [255]
  ...
  [255]
  [255]
  [255]]

 [[255]
  [255]
  [255]
  ...
  [255]
  [255]
  [255]]

 [[255]
  [255]
  [255]
  ...
  [255]
  [255]
  [255]]]",[40.],103
104,"[[[255]
  [255]
  [255]
  ...
  [255]
  [255]
  [255]]

 [[255]
  [255]
  [255]
  ...
  [255]
  [255]
  [255]]

 [[255]
  [255]
  [255]
  ...
  [255]
  [255]
  [255]]

 ...

 [[255]
  [255]
  [255]
  ...
  [255]
  [255]
  [255]]

 [[255]
  [255]
  [255]
  ...
  [255]
  [255]
  [255]]

 [[255]
  [255]
  [255]
  ...
  [255]
  [255]
  [255]]]",[40.],104
105,"[[[255]
  [255]
  [255]
  ...
  [255]
  [255]
  [255]]

 [[255]
  [255]
  [255]
  ...
  [255]
  [255]
  [255]]

 [[255]
  [255]
  [255]
  ...
  [255]
  [255]
  [255]]

 ...

 [[255]
  [255]
  [255]
  ...
  [255]
  [255]
  [255]]

 [[255]
  [255]
  [255]
  ...
  [255]
  [255]
  [255]]

 [[255]
  [255]
  [255]
  ...
  [255]
  [255]
  [255]]]",[40.],105
106,"[[[255]
  [255]
  [255]
  ...
  [255]
  [255]
  [255]]

 [[255]
  [255]
  [255]
  ...
  [255]
  [255]
  [255]]

 [[255]
  [255]
  [255]
  ...
  [255]
  [255]
  [255]]

 ...

 [[255]
  [255]
  [255]
  ...
  [255]
  [255]
  [255]]

 [[255]
  [255]
  [255]
  ...
  [255]
  [255]
  [255]]

 [[255]
  [255]
  [255]
  ...
  [255]
  [255]
  [255]]]",[40.],106
107,"[[[255]
  [255]
  [255]
  ...
  [255]
  [255]
  [255]]

 [[255]
  [255]
  [255]
  ...
  [255]
  [255]
  [255]]

 [[255]
  [255]
  [255]
  ...
  [255]
  [255]
  [255]]

 ...

 [[255]
  [255]
  [255]
  ...
  [255]
  [255]
  [255]]

 [[255]
  [255]
  [255]
  ...
  [255]
  [255]
  [255]]

 [[255]
  [255]
  [255]
  ...
  [255]
  [255]
  [255]]]",[40.],107
108,"[[[255]
  [255]
  [255]
  ...
  [255]
  [255]
  [255]]

 [[255]
  [255]
  [255]
  ...
  [255]
  [255]
  [255]]

 [[255]
  [255]
  [255]
  ...
  [255]
  [255]
  [255]]

 ...

 [[255]
  [255]
  [255]
  ...
  [255]
  [255]
  [255]]

 [[255]
  [255]
  [255]
  ...
  [255]
  [255]
  [255]]

 [[255]
  [255]
  [255]
  ...
  [255]
  [255]
  [255]]]",[40.],108
109,"[[[255]
  [255]
  [255]
  ...
  [255]
  [255]
  [255]]

 [[255]
  [255]
  [255]
  ...
  [255]
  [255]
  [255]]

 [[255]
  [255]
  [255]
  ...
  [255]
  [255]
  [255]]

 ...

 [[255]
  [255]
  [255]
  ...
  [255]
  [255]
  [255]]

 [[255]
  [255]
  [255]
  ...
  [255]
  [255]
  [255]]

 [[255]
  [255]
  [255]
  ...
  [255]
  [255]
  [255]]]",[40.],109
110,"[[[255]
  [255]
  [255]
  ...
  [255]
  [255]
  [255]]

 [[255]
  [255]
  [255]
  ...
  [255]
  [255]
  [255]]

 [[255]
  [255]
  [255]
  ...
  [255]
  [255]
  [255]]

 ...

 [[255]
  [255]
  [255]
  ...
  [255]
  [255]
  [255]]

 [[255]
  [255]
  [255]
  ...
  [255]
  [255]
  [255]]

 [[255]
  [255]
  [255]
  ...
  [255]
  [255]
  [255]]]",[40.],110
111,"[[[255]
  [255]
  [255]
  ...
  [255]
  [255]
  [255]]

 [[255]
  [255]
  [255]
  ...
  [255]
  [255]
  [255]]

 [[255]
  [255]
  [255]
  ...
  [255]
  [255]
  [255]]

 ...

 [[255]
  [255]
  [255]
  ...
  [255]
  [255]
  [255]]

 [[255]
  [255]
  [255]
  ...
  [255]
  [255]
  [255]]

 [[255]
  [255]
  [255]
  ...
  [255]
  [255]
  [255]]]",[40.],111
112,"[[[255]
  [255]
  [255]
  ...
  [255]
  [255]
  [255]]

 [[255]
  [255]
  [255]
  ...
  [255]
  [255]
  [255]]

 [[255]
  [255]
  [255]
  ...
  [255]
  [255]
  [255]]

 ...

 [[255]
  [255]
  [255]
  ...
  [255]
  [255]
  [255]]

 [[255]
  [255]
  [255]
  ...
  [255]
  [255]
  [255]]

 [[255]
  [255]
  [255]
  ...
  [255]
  [255]
  [255]]]",[40.],112
113,"[[[255]
  [255]
  [255]
  ...
  [255]
  [255]
  [255]]

 [[255]
  [255]
  [255]
  ...
  [255]
  [255]
  [255]]

 [[255]
  [255]
  [255]
  ...
  [255]
  [255]
  [255]]

 ...

 [[255]
  [255]
  [255]
  ...
  [255]
  [255]
  [255]]

 [[255]
  [255]
  [255]
  ...
  [255]
  [255]
  [255]]

 [[255]
  [255]
  [255]
  ...
  [255]
  [255]
  [255]]]",[40.],113
114,"[[[255]
  [255]
  [255]
  ...
  [255]
  [255]
  [255]]

 [[255]
  [255]
  [255]
  ...
  [255]
  [255]
  [255]]

 [[255]
  [255]
  [255]
  ...
  [255]
  [255]
  [255]]

 ...

 [[255]
  [255]
  [255]
  ...
  [255]
  [255]
  [255]]

 [[255]
  [255]
  [255]
  ...
  [255]
  [255]
  [255]]

 [[255]
  [255]
  [255]
  ...
  [255]
  [255]
  [255]]]",[40.],114
115,"[[[ 67]
  [ 68]
  [ 69]
  ...
  [ 62]
  [ 62]
  [ 61]]

 [[ 67]
  [ 68]
  [ 69]
  ...
  [ 62]
  [ 61]
  [ 61]]

 [[ 67]
  [ 68]
  [ 68]
  ...
  [ 62]
  [ 61]
  [ 61]]

 ...

 [[255]
  [255]
  [255]
  ...
  [255]
  [255]
  [255]]

 [[255]
  [255]
  [255]
  ...
  [255]
  [255]
  [255]]

 [[255]
  [255]
  [255]
  ...
  [255]
  [255]
  [255]]]",[50.],115
116,"[[[255]
  [255]
  [255]
  ...
  [255]
  [255]
  [255]]

 [[255]
  [255]
  [255]
  ...
  [255]
  [255]
  [255]]

 [[255]
  [255]
  [255]
  ...
  [255]
  [255]
  [255]]

 ...

 [[255]
  [255]
  [255]
  ...
  [255]
  [255]
  [255]]

 [[255]
  [255]
  [255]
  ...
  [255]
  [255]
  [255]]

 [[255]
  [255]
  [255]
  ...
  [255]
  [255]
  [255]]]",[50.],116
117,"[[[255]
  [255]
  [255]
  ...
  [255]
  [255]
  [255]]

 [[255]
  [255]
  [255]
  ...
  [255]
  [255]
  [255]]

 [[255]
  [255]
  [255]
  ...
  [255]
  [255]
  [255]]

 ...

 [[255]
  [255]
  [255]
  ...
  [255]
  [255]
  [255]]

 [[255]
  [255]
  [255]
  ...
  [255]
  [255]
  [255]]

 [[255]
  [255]
  [255]
  ...
  [255]
  [255]
  [255]]]",[50.],117
118,"[[[255]
  [255]
  [255]
  ...
  [255]
  [255]
  [255]]

 [[255]
  [255]
  [255]
  ...
  [255]
  [255]
  [255]]

 [[255]
  [255]
  [255]
  ...
  [255]
  [255]
  [255]]

 ...

 [[255]
  [255]
  [255]
  ...
  [255]
  [255]
  [255]]

 [[255]
  [255]
  [255]
  ...
  [255]
  [255]
  [255]]

 [[255]
  [255]
  [255]
  ...
  [255]
  [255]
  [255]]]",[50.],118
119,"[[[ 67]
  [ 68]
  [ 69]
  ...
  [ 62]
  [ 62]
  [ 61]]

 [[ 67]
  [ 68]
  [ 69]
  ...
  [ 62]
  [ 61]
  [ 61]]

 [[ 67]
  [ 68]
  [ 68]
  ...
  [ 62]
  [ 61]
  [ 61]]

 ...

 [[255]
  [255]
  [255]
  ...
  [255]
  [255]
  [255]]

 [[255]
  [255]
  [255]
  ...
  [255]
  [255]
  [255]]

 [[255]
  [255]
  [255]
  ...
  [255]
  [255]
  [255]]]",[50.],119
120,"[[[255]
  [255]
  [255]
  ...
  [255]
  [255]
  [255]]

 [[255]
  [255]
  [255]
  ...
  [255]
  [255]
  [255]]

 [[255]
  [255]
  [255]
  ...
  [255]
  [255]
  [255]]

 ...

 [[255]
  [255]
  [255]
  ...
  [255]
  [255]
  [255]]

 [[255]
  [255]
  [255]
  ...
  [255]
  [255]
  [255]]

 [[255]
  [255]
  [255]
  ...
  [255]
  [255]
  [255]]]",[50.],120
121,"[[[255]
  [255]
  [255]
  ...
  [255]
  [255]
  [255]]

 [[255]
  [255]
  [255]
  ...
  [255]
  [255]
  [255]]

 [[255]
  [255]
  [255]
  ...
  [255]
  [255]
  [255]]

 ...

 [[255]
  [255]
  [255]
  ...
  [255]
  [255]
  [255]]

 [[255]
  [255]
  [255]
  ...
  [255]
  [255]
  [255]]

 [[255]
  [255]
  [255]
  ...
  [255]
  [255]
  [255]]]",[50.],121
122,"[[[255]
  [255]
  [255]
  ...
  [255]
  [255]
  [255]]

 [[255]
  [255]
  [255]
  ...
  [255]
  [255]
  [255]]

 [[255]
  [255]
  [255]
  ...
  [255]
  [255]
  [255]]

 ...

 [[255]
  [255]
  [255]
  ...
  [255]
  [255]
  [255]]

 [[255]
  [255]
  [255]
  ...
  [255]
  [255]
  [255]]

 [[255]
  [255]
  [255]
  ...
  [255]
  [255]
  [255]]]",[50.],122
123,"[[[255]
  [255]
  [255]
  ...
  [255]
  [255]
  [255]]

 [[255]
  [255]
  [255]
  ...
  [255]
  [255]
  [255]]

 [[255]
  [255]
  [255]
  ...
  [255]
  [255]
  [255]]

 ...

 [[255]
  [255]
  [255]
  ...
  [255]
  [255]
  [255]]

 [[255]
  [255]
  [255]
  ...
  [255]
  [255]
  [255]]

 [[255]
  [255]
  [255]
  ...
  [255]
  [255]
  [255]]]",[50.],123
124,"[[[255]
  [255]
  [255]
  ...
  [255]
  [255]
  [255]]

 [[255]
  [255]
  [255]
  ...
  [255]
  [255]
  [255]]

 [[255]
  [255]
  [255]
  ...
  [255]
  [255]
  [255]]

 ...

 [[255]
  [255]
  [255]
  ...
  [255]
  [255]
  [255]]

 [[255]
  [255]
  [255]
  ...
  [255]
  [255]
  [255]]

 [[255]
  [255]
  [255]
  ...
  [255]
  [255]
  [255]]]",[50.],124
125,"[[[255]
  [255]
  [255]
  ...
  [255]
  [255]
  [255]]

 [[255]
  [255]
  [255]
  ...
  [255]
  [255]
  [255]]

 [[255]
  [255]
  [255]
  ...
  [255]
  [255]
  [255]]

 ...

 [[255]
  [255]
  [255]
  ...
  [255]
  [255]
  [255]]

 [[255]
  [255]
  [255]
  ...
  [255]
  [255]
  [255]]

 [[255]
  [255]
  [255]
  ...
  [255]
  [255]
  [255]]]",[50.],125
126,"[[[255]
  [255]
  [255]
  ...
  [255]
  [255]
  [255]]

 [[255]
  [255]
  [255]
  ...
  [255]
  [255]
  [255]]

 [[255]
  [255]
  [255]
  ...
  [255]
  [255]
  [255]]

 ...

 [[255]
  [255]
  [255]
  ...
  [255]
  [255]
  [255]]

 [[255]
  [255]
  [255]
  ...
  [255]
  [255]
  [255]]

 [[255]
  [255]
  [255]
  ...
  [255]
  [255]
  [255]]]",[50.],126
127,"[[[255]
  [255]
  [255]
  ...
  [255]
  [255]
  [255]]

 [[255]
  [255]
  [255]
  ...
  [255]
  [255]
  [255]]

 [[255]
  [255]
  [255]
  ...
  [255]
  [255]
  [255]]

 ...

 [[255]
  [255]
  [255]
  ...
  [255]
  [255]
  [255]]

 [[255]
  [255]
  [255]
  ...
  [255]
  [255]
  [255]]

 [[255]
  [255]
  [255]
  ...
  [255]
  [255]
  [255]]]",[50.],127
128,"[[[255]
  [255]
  [255]
  ...
  [255]
  [255]
  [255]]

 [[255]
  [255]
  [255]
  ...
  [255]
  [255]
  [255]]

 [[255]
  [255]
  [255]
  ...
  [255]
  [255]
  [255]]

 ...

 [[255]
  [255]
  [255]
  ...
  [255]
  [255]
  [255]]

 [[255]
  [255]
  [255]
  ...
  [255]
  [255]
  [255]]

 [[255]
  [255]
  [255]
  ...
  [255]
  [255]
  [255]]]",[50.],128
129,"[[[255]
  [255]
  [255]
  ...
  [255]
  [255]
  [255]]

 [[255]
  [255]
  [255]
  ...
  [255]
  [255]
  [255]]

 [[255]
  [255]
  [255]
  ...
  [255]
  [255]
  [255]]

 ...

 [[255]
  [255]
  [255]
  ...
  [255]
  [255]
  [255]]

 [[255]
  [255]
  [255]
  ...
  [255]
  [255]
  [255]]

 [[255]
  [255]
  [255]
  ...
  [255]
  [255]
  [255]]]",[50.],129
130,"[[[255]
  [255]
  [255]
  ...
  [255]
  [255]
  [255]]

 [[255]
  [255]
  [255]
  ...
  [255]
  [255]
  [255]]

 [[255]
  [255]
  [255]
  ...
  [255]
  [255]
  [255]]

 ...

 [[255]
  [255]
  [255]
  ...
  [255]
  [255]
  [255]]

 [[255]
  [255]
  [255]
  ...
  [255]
  [255]
  [255]]

 [[255]
  [255]
  [255]
  ...
  [255]
  [255]
  [255]]]",[50.],130
131,"[[[255]
  [255]
  [255]
  ...
  [255]
  [255]
  [255]]

 [[255]
  [255]
  [255]
  ...
  [255]
  [255]
  [255]]

 [[255]
  [255]
  [255]
  ...
  [255]
  [255]
  [255]]

 ...

 [[255]
  [255]
  [255]
  ...
  [255]
  [255]
  [255]]

 [[255]
  [255]
  [255]
  ...
  [255]
  [255]
  [255]]

 [[255]
  [255]
  [255]
  ...
  [255]
  [255]
  [255]]]",[50.],131
132,"[[[255]
  [255]
  [255]
  ...
  [255]
  [255]
  [255]]

 [[255]
  [255]
  [255]
  ...
  [255]
  [255]
  [255]]

 [[255]
  [255]
  [255]
  ...
  [255]
  [255]
  [255]]

 ...

 [[255]
  [255]
  [255]
  ...
  [255]
  [255]
  [255]]

 [[255]
  [255]
  [255]
  ...
  [255]
  [255]
  [255]]

 [[255]
  [255]
  [255]
  ...
  [255]
  [255]
  [255]]]",[50.],132
133,"[[[255]
  [255]
  [201]
  ...
  [162]
  [255]
  [255]]

 [[255]
  [255]
  [201]
  ...
  [161]
  [255]
  [255]]

 [[255]
  [255]
  [201]
  ...
  [161]
  [255]
  [255]]

 ...

 [[255]
  [255]
  [255]
  ...
  [255]
  [255]
  [255]]

 [[255]
  [255]
  [255]
  ...
  [255]
  [255]
  [255]]

 [[255]
  [255]
  [255]
  ...
  [255]
  [255]
  [255]]]",[50.],133
134,"[[[255]
  [255]
  [255]
  ...
  [255]
  [255]
  [255]]

 [[255]
  [255]
  [255]
  ...
  [255]
  [255]
  [255]]

 [[255]
  [255]
  [255]
  ...
  [255]
  [255]
  [255]]

 ...

 [[255]
  [255]
  [255]
  ...
  [255]
  [255]
  [255]]

 [[255]
  [255]
  [255]
  ...
  [255]
  [255]
  [255]]

 [[255]
  [255]
  [255]
  ...
  [255]
  [255]
  [255]]]",[50.],134
135,"[[[255]
  [255]
  [255]
  ...
  [255]
  [255]
  [255]]

 [[255]
  [255]
  [255]
  ...
  [255]
  [255]
  [255]]

 [[255]
  [255]
  [255]
  ...
  [255]
  [255]
  [255]]

 ...

 [[255]
  [255]
  [255]
  ...
  [255]
  [255]
  [255]]

 [[255]
  [255]
  [255]
  ...
  [255]
  [255]
  [255]]

 [[255]
  [255]
  [255]
  ...
  [255]
  [255]
  [255]]]",[50.],135
136,"[[[255]
  [255]
  [255]
  ...
  [255]
  [255]
  [255]]

 [[255]
  [255]
  [255]
  ...
  [255]
  [255]
  [255]]

 [[255]
  [255]
  [255]
  ...
  [255]
  [255]
  [255]]

 ...

 [[255]
  [255]
  [255]
  ...
  [255]
  [255]
  [255]]

 [[255]
  [255]
  [255]
  ...
  [255]
  [255]
  [255]]

 [[255]
  [255]
  [255]
  ...
  [255]
  [255]
  [255]]]",[50.],136
137,"[[[ 67]
  [ 68]
  [ 69]
  ...
  [ 62]
  [ 62]
  [ 61]]

 [[ 67]
  [ 68]
  [ 69]
  ...
  [ 62]
  [ 61]
  [ 61]]

 [[ 67]
  [ 68]
  [ 68]
  ...
  [ 62]
  [ 61]
  [ 61]]

 ...

 [[255]
  [255]
  [255]
  ...
  [255]
  [255]
  [255]]

 [[255]
  [255]
  [255]
  ...
  [255]
  [255]
  [255]]

 [[255]
  [255]
  [255]
  ...
  [255]
  [255]
  [255]]]",[50.],137
138,"[[[255]
  [255]
  [255]
  ...
  [255]
  [255]
  [255]]

 [[255]
  [255]
  [255]
  ...
  [255]
  [255]
  [255]]

 [[255]
  [255]
  [255]
  ...
  [255]
  [255]
  [255]]

 ...

 [[255]
  [255]
  [255]
  ...
  [255]
  [255]
  [255]]

 [[255]
  [255]
  [255]
  ...
  [255]
  [255]
  [255]]

 [[255]
  [255]
  [255]
  ...
  [255]
  [255]
  [255]]]",[60.],138
139,"[[[255]
  [255]
  [255]
  ...
  [255]
  [255]
  [255]]

 [[255]
  [255]
  [255]
  ...
  [255]
  [255]
  [255]]

 [[255]
  [255]
  [255]
  ...
  [255]
  [255]
  [255]]

 ...

 [[255]
  [255]
  [255]
  ...
  [255]
  [255]
  [255]]

 [[255]
  [255]
  [255]
  ...
  [255]
  [255]
  [255]]

 [[255]
  [255]
  [255]
  ...
  [255]
  [255]
  [255]]]",[60.],139
140,"[[[ 67]
  [ 68]
  [ 69]
  ...
  [ 62]
  [ 62]
  [ 61]]

 [[ 67]
  [ 68]
  [ 69]
  ...
  [ 62]
  [ 61]
  [ 61]]

 [[ 67]
  [ 68]
  [ 68]
  ...
  [ 62]
  [ 61]
  [ 61]]

 ...

 [[255]
  [255]
  [255]
  ...
  [255]
  [255]
  [255]]

 [[255]
  [255]
  [255]
  ...
  [255]
  [255]
  [255]]

 [[255]
  [255]
  [255]
  ...
  [255]
  [255]
  [255]]]",[60.],140
141,"[[[255]
  [255]
  [255]
  ...
  [255]
  [255]
  [255]]

 [[255]
  [255]
  [255]
  ...
  [255]
  [255]
  [255]]

 [[255]
  [255]
  [255]
  ...
  [255]
  [255]
  [255]]

 ...

 [[255]
  [255]
  [255]
  ...
  [255]
  [255]
  [255]]

 [[255]
  [255]
  [255]
  ...
  [255]
  [255]
  [255]]

 [[255]
  [255]
  [255]
  ...
  [255]
  [255]
  [255]]]",[60.],141
142,"[[[255]
  [255]
  [255]
  ...
  [255]
  [255]
  [255]]

 [[255]
  [255]
  [255]
  ...
  [255]
  [255]
  [255]]

 [[255]
  [255]
  [255]
  ...
  [255]
  [255]
  [255]]

 ...

 [[255]
  [255]
  [255]
  ...
  [255]
  [255]
  [255]]

 [[255]
  [255]
  [255]
  ...
  [255]
  [255]
  [255]]

 [[255]
  [255]
  [255]
  ...
  [255]
  [255]
  [255]]]",[60.],142
143,"[[[255]
  [255]
  [255]
  ...
  [255]
  [255]
  [255]]

 [[255]
  [255]
  [255]
  ...
  [255]
  [255]
  [255]]

 [[255]
  [255]
  [255]
  ...
  [255]
  [255]
  [255]]

 ...

 [[255]
  [255]
  [255]
  ...
  [255]
  [255]
  [255]]

 [[255]
  [255]
  [255]
  ...
  [255]
  [255]
  [255]]

 [[255]
  [255]
  [255]
  ...
  [255]
  [255]
  [255]]]",[60.],143
144,"[[[255]
  [255]
  [255]
  ...
  [255]
  [255]
  [255]]

 [[255]
  [255]
  [255]
  ...
  [255]
  [255]
  [255]]

 [[255]
  [255]
  [255]
  ...
  [255]
  [255]
  [255]]

 ...

 [[255]
  [255]
  [255]
  ...
  [255]
  [255]
  [255]]

 [[255]
  [255]
  [255]
  ...
  [255]
  [255]
  [255]]

 [[255]
  [255]
  [255]
  ...
  [255]
  [255]
  [255]]]",[60.],144
145,"[[[255]
  [255]
  [255]
  ...
  [255]
  [255]
  [255]]

 [[255]
  [255]
  [255]
  ...
  [255]
  [255]
  [255]]

 [[255]
  [255]
  [255]
  ...
  [255]
  [255]
  [255]]

 ...

 [[255]
  [255]
  [255]
  ...
  [255]
  [255]
  [255]]

 [[255]
  [255]
  [255]
  ...
  [255]
  [255]
  [255]]

 [[255]
  [255]
  [255]
  ...
  [255]
  [255]
  [255]]]",[60.],145
146,"[[[255]
  [255]
  [255]
  ...
  [255]
  [255]
  [255]]

 [[255]
  [255]
  [255]
  ...
  [255]
  [255]
  [255]]

 [[255]
  [255]
  [255]
  ...
  [255]
  [255]
  [255]]

 ...

 [[255]
  [255]
  [255]
  ...
  [255]
  [255]
  [255]]

 [[255]
  [255]
  [255]
  ...
  [255]
  [255]
  [255]]

 [[255]
  [255]
  [255]
  ...
  [255]
  [255]
  [255]]]",[60.],146
147,"[[[255]
  [255]
  [255]
  ...
  [255]
  [255]
  [255]]

 [[255]
  [255]
  [255]
  ...
  [255]
  [255]
  [255]]

 [[255]
  [255]
  [255]
  ...
  [255]
  [255]
  [255]]

 ...

 [[255]
  [255]
  [255]
  ...
  [255]
  [255]
  [255]]

 [[255]
  [255]
  [255]
  ...
  [255]
  [255]
  [255]]

 [[255]
  [255]
  [255]
  ...
  [255]
  [255]
  [255]]]",[60.],147
148,"[[[255]
  [255]
  [255]
  ...
  [255]
  [255]
  [255]]

 [[255]
  [255]
  [255]
  ...
  [255]
  [255]
  [255]]

 [[255]
  [255]
  [255]
  ...
  [255]
  [255]
  [255]]

 ...

 [[255]
  [255]
  [255]
  ...
  [255]
  [255]
  [255]]

 [[255]
  [255]
  [255]
  ...
  [255]
  [255]
  [255]]

 [[255]
  [255]
  [255]
  ...
  [255]
  [255]
  [255]]]",[60.],148
149,"[[[ 67]
  [ 68]
  [ 69]
  ...
  [ 62]
  [ 62]
  [ 61]]

 [[ 67]
  [ 68]
  [ 69]
  ...
  [ 62]
  [ 61]
  [ 61]]

 [[ 67]
  [ 68]
  [ 68]
  ...
  [ 62]
  [ 61]
  [ 61]]

 ...

 [[255]
  [255]
  [255]
  ...
  [255]
  [255]
  [255]]

 [[255]
  [255]
  [255]
  ...
  [255]
  [255]
  [255]]

 [[255]
  [255]
  [255]
  ...
  [255]
  [255]
  [255]]]",[60.],149
150,"[[[255]
  [255]
  [255]
  ...
  [255]
  [255]
  [255]]

 [[255]
  [255]
  [255]
  ...
  [255]
  [255]
  [255]]

 [[255]
  [255]
  [255]
  ...
  [255]
  [255]
  [255]]

 ...

 [[255]
  [255]
  [255]
  ...
  [255]
  [255]
  [255]]

 [[255]
  [255]
  [255]
  ...
  [255]
  [255]
  [255]]

 [[255]
  [255]
  [255]
  ...
  [255]
  [255]
  [255]]]",[60.],150
151,"[[[255]
  [255]
  [255]
  ...
  [255]
  [255]
  [255]]

 [[255]
  [255]
  [255]
  ...
  [255]
  [255]
  [255]]

 [[255]
  [255]
  [255]
  ...
  [255]
  [255]
  [255]]

 ...

 [[255]
  [255]
  [255]
  ...
  [255]
  [255]
  [255]]

 [[255]
  [255]
  [255]
  ...
  [255]
  [255]
  [255]]

 [[255]
  [255]
  [255]
  ...
  [255]
  [255]
  [255]]]",[60.],151
152,"[[[255]
  [255]
  [255]
  ...
  [255]
  [255]
  [255]]

 [[255]
  [255]
  [255]
  ...
  [255]
  [255]
  [255]]

 [[255]
  [255]
  [255]
  ...
  [255]
  [255]
  [255]]

 ...

 [[255]
  [255]
  [255]
  ...
  [255]
  [255]
  [255]]

 [[255]
  [255]
  [255]
  ...
  [255]
  [255]
  [255]]

 [[255]
  [255]
  [255]
  ...
  [255]
  [255]
  [255]]]",[60.],152
153,"[[[255]
  [255]
  [255]
  ...
  [255]
  [255]
  [255]]

 [[255]
  [255]
  [255]
  ...
  [255]
  [255]
  [255]]

 [[255]
  [255]
  [255]
  ...
  [255]
  [255]
  [255]]

 ...

 [[255]
  [255]
  [255]
  ...
  [255]
  [255]
  [255]]

 [[255]
  [255]
  [255]
  ...
  [255]
  [255]
  [255]]

 [[255]
  [255]
  [255]
  ...
  [255]
  [255]
  [255]]]",[60.],153
154,"[[[255]
  [255]
  [255]
  ...
  [255]
  [255]
  [255]]

 [[255]
  [255]
  [255]
  ...
  [255]
  [255]
  [255]]

 [[255]
  [255]
  [255]
  ...
  [255]
  [255]
  [255]]

 ...

 [[255]
  [255]
  [255]
  ...
  [255]
  [255]
  [255]]

 [[255]
  [255]
  [255]
  ...
  [255]
  [255]
  [255]]

 [[255]
  [255]
  [255]
  ...
  [255]
  [255]
  [255]]]",[60.],154
155,"[[[255]
  [255]
  [201]
  ...
  [162]
  [255]
  [255]]

 [[255]
  [255]
  [201]
  ...
  [255]
  [255]
  [255]]

 [[255]
  [255]
  [255]
  ...
  [255]
  [255]
  [255]]

 ...

 [[255]
  [255]
  [255]
  ...
  [255]
  [255]
  [255]]

 [[255]
  [255]
  [255]
  ...
  [255]
  [255]
  [255]]

 [[255]
  [255]
  [255]
  ...
  [255]
  [255]
  [255]]]",[60.],155
156,"[[[255]
  [255]
  [255]
  ...
  [255]
  [255]
  [255]]

 [[255]
  [255]
  [255]
  ...
  [255]
  [255]
  [255]]

 [[255]
  [255]
  [255]
  ...
  [255]
  [255]
  [255]]

 ...

 [[255]
  [255]
  [255]
  ...
  [255]
  [255]
  [255]]

 [[255]
  [255]
  [255]
  ...
  [255]
  [255]
  [255]]

 [[255]
  [255]
  [255]
  ...
  [255]
  [255]
  [255]]]",[60.],156
157,"[[[255]
  [255]
  [255]
  ...
  [255]
  [255]
  [255]]

 [[255]
  [255]
  [255]
  ...
  [255]
  [255]
  [255]]

 [[255]
  [255]
  [255]
  ...
  [255]
  [255]
  [255]]

 ...

 [[255]
  [255]
  [255]
  ...
  [255]
  [255]
  [255]]

 [[255]
  [255]
  [255]
  ...
  [255]
  [255]
  [255]]

 [[255]
  [255]
  [255]
  ...
  [255]
  [255]
  [255]]]",[60.],157
158,"[[[255]
  [255]
  [255]
  ...
  [255]
  [255]
  [255]]

 [[255]
  [255]
  [255]
  ...
  [255]
  [255]
  [255]]

 [[255]
  [255]
  [255]
  ...
  [255]
  [255]
  [255]]

 ...

 [[255]
  [255]
  [255]
  ...
  [255]
  [255]
  [255]]

 [[255]
  [255]
  [255]
  ...
  [255]
  [255]
  [255]]

 [[255]
  [255]
  [255]
  ...
  [255]
  [255]
  [255]]]",[60.],158
159,"[[[255]
  [255]
  [255]
  ...
  [255]
  [255]
  [255]]

 [[255]
  [255]
  [255]
  ...
  [255]
  [255]
  [255]]

 [[255]
  [255]
  [255]
  ...
  [255]
  [255]
  [255]]

 ...

 [[255]
  [255]
  [255]
  ...
  [255]
  [255]
  [255]]

 [[255]
  [255]
  [255]
  ...
  [255]
  [255]
  [255]]

 [[255]
  [255]
  [255]
  ...
  [255]
  [255]
  [255]]]",[60.],159
160,"[[[255]
  [255]
  [255]
  ...
  [255]
  [255]
  [255]]

 [[255]
  [255]
  [255]
  ...
  [255]
  [255]
  [255]]

 [[255]
  [255]
  [255]
  ...
  [255]
  [255]
  [255]]

 ...

 [[255]
  [255]
  [255]
  ...
  [255]
  [255]
  [255]]

 [[255]
  [255]
  [255]
  ...
  [255]
  [255]
  [255]]

 [[255]
  [255]
  [255]
  ...
  [255]
  [255]
  [255]]]",[60.],160
161,"[[[255]
  [255]
  [255]
  ...
  [255]
  [255]
  [255]]

 [[255]
  [255]
  [255]
  ...
  [255]
  [255]
  [255]]

 [[255]
  [255]
  [255]
  ...
  [255]
  [255]
  [255]]

 ...

 [[255]
  [255]
  [255]
  ...
  [255]
  [255]
  [255]]

 [[255]
  [255]
  [255]
  ...
  [255]
  [255]
  [255]]

 [[255]
  [255]
  [255]
  ...
  [255]
  [255]
  [255]]]",[70.],161
162,"[[[255]
  [255]
  [255]
  ...
  [255]
  [255]
  [255]]

 [[255]
  [255]
  [255]
  ...
  [255]
  [255]
  [255]]

 [[255]
  [255]
  [255]
  ...
  [255]
  [255]
  [255]]

 ...

 [[255]
  [255]
  [255]
  ...
  [255]
  [255]
  [255]]

 [[255]
  [255]
  [255]
  ...
  [255]
  [255]
  [255]]

 [[255]
  [255]
  [255]
  ...
  [255]
  [255]
  [255]]]",[70.],162
163,"[[[255]
  [255]
  [255]
  ...
  [255]
  [255]
  [255]]

 [[255]
  [255]
  [255]
  ...
  [255]
  [255]
  [255]]

 [[255]
  [255]
  [255]
  ...
  [255]
  [255]
  [255]]

 ...

 [[255]
  [255]
  [255]
  ...
  [255]
  [255]
  [255]]

 [[255]
  [255]
  [255]
  ...
  [255]
  [255]
  [255]]

 [[255]
  [255]
  [255]
  ...
  [255]
  [255]
  [255]]]",[70.],163
164,"[[[ 67]
  [ 68]
  [ 69]
  ...
  [ 62]
  [ 62]
  [ 61]]

 [[ 67]
  [ 68]
  [ 69]
  ...
  [ 62]
  [ 61]
  [ 61]]

 [[ 67]
  [ 68]
  [ 68]
  ...
  [ 62]
  [ 61]
  [ 61]]

 ...

 [[255]
  [255]
  [255]
  ...
  [255]
  [255]
  [255]]

 [[255]
  [255]
  [255]
  ...
  [255]
  [255]
  [255]]

 [[255]
  [255]
  [255]
  ...
  [255]
  [255]
  [255]]]",[70.],164
165,"[[[255]
  [255]
  [255]
  ...
  [255]
  [255]
  [255]]

 [[255]
  [255]
  [255]
  ...
  [255]
  [255]
  [255]]

 [[255]
  [255]
  [255]
  ...
  [255]
  [255]
  [255]]

 ...

 [[255]
  [255]
  [255]
  ...
  [255]
  [255]
  [255]]

 [[255]
  [255]
  [255]
  ...
  [255]
  [255]
  [255]]

 [[255]
  [255]
  [255]
  ...
  [255]
  [255]
  [255]]]",[70.],165
166,"[[[255]
  [255]
  [255]
  ...
  [255]
  [255]
  [255]]

 [[255]
  [255]
  [255]
  ...
  [255]
  [255]
  [255]]

 [[255]
  [255]
  [255]
  ...
  [255]
  [255]
  [255]]

 ...

 [[255]
  [255]
  [255]
  ...
  [255]
  [255]
  [255]]

 [[255]
  [255]
  [255]
  ...
  [255]
  [255]
  [255]]

 [[255]
  [255]
  [255]
  ...
  [255]
  [255]
  [255]]]",[70.],166
167,"[[[255]
  [255]
  [255]
  ...
  [255]
  [255]
  [255]]

 [[255]
  [255]
  [255]
  ...
  [255]
  [255]
  [255]]

 [[255]
  [255]
  [255]
  ...
  [255]
  [255]
  [255]]

 ...

 [[255]
  [255]
  [255]
  ...
  [255]
  [255]
  [255]]

 [[255]
  [255]
  [255]
  ...
  [255]
  [255]
  [255]]

 [[255]
  [255]
  [255]
  ...
  [255]
  [255]
  [255]]]",[70.],167
168,"[[[255]
  [255]
  [255]
  ...
  [255]
  [255]
  [255]]

 [[255]
  [255]
  [255]
  ...
  [255]
  [255]
  [255]]

 [[255]
  [255]
  [255]
  ...
  [255]
  [255]
  [255]]

 ...

 [[255]
  [255]
  [255]
  ...
  [255]
  [255]
  [255]]

 [[255]
  [255]
  [255]
  ...
  [255]
  [255]
  [255]]

 [[255]
  [255]
  [255]
  ...
  [255]
  [255]
  [255]]]",[70.],168
169,"[[[255]
  [255]
  [255]
  ...
  [255]
  [255]
  [255]]

 [[255]
  [255]
  [255]
  ...
  [255]
  [255]
  [255]]

 [[255]
  [255]
  [255]
  ...
  [255]
  [255]
  [255]]

 ...

 [[255]
  [255]
  [255]
  ...
  [255]
  [255]
  [255]]

 [[255]
  [255]
  [255]
  ...
  [255]
  [255]
  [255]]

 [[255]
  [255]
  [255]
  ...
  [255]
  [255]
  [255]]]",[70.],169
170,"[[[255]
  [255]
  [255]
  ...
  [255]
  [255]
  [255]]

 [[255]
  [255]
  [255]
  ...
  [255]
  [255]
  [255]]

 [[255]
  [255]
  [255]
  ...
  [255]
  [255]
  [255]]

 ...

 [[255]
  [255]
  [255]
  ...
  [255]
  [255]
  [255]]

 [[255]
  [255]
  [255]
  ...
  [255]
  [255]
  [255]]

 [[255]
  [255]
  [255]
  ...
  [255]
  [255]
  [255]]]",[70.],170
171,"[[[255]
  [255]
  [255]
  ...
  [255]
  [255]
  [255]]

 [[255]
  [255]
  [255]
  ...
  [255]
  [255]
  [255]]

 [[255]
  [255]
  [255]
  ...
  [255]
  [255]
  [255]]

 ...

 [[255]
  [255]
  [255]
  ...
  [255]
  [255]
  [255]]

 [[255]
  [255]
  [255]
  ...
  [255]
  [255]
  [255]]

 [[255]
  [255]
  [255]
  ...
  [255]
  [255]
  [255]]]",[70.],171
172,"[[[255]
  [255]
  [255]
  ...
  [255]
  [255]
  [255]]

 [[255]
  [255]
  [255]
  ...
  [255]
  [255]
  [255]]

 [[255]
  [255]
  [255]
  ...
  [255]
  [255]
  [255]]

 ...

 [[255]
  [255]
  [255]
  ...
  [255]
  [255]
  [255]]

 [[255]
  [255]
  [255]
  ...
  [255]
  [255]
  [255]]

 [[255]
  [255]
  [255]
  ...
  [255]
  [255]
  [255]]]",[70.],172
173,"[[[255]
  [255]
  [255]
  ...
  [255]
  [255]
  [255]]

 [[255]
  [255]
  [255]
  ...
  [255]
  [255]
  [255]]

 [[255]
  [255]
  [255]
  ...
  [255]
  [255]
  [255]]

 ...

 [[255]
  [255]
  [255]
  ...
  [255]
  [255]
  [255]]

 [[255]
  [255]
  [255]
  ...
  [255]
  [255]
  [255]]

 [[255]
  [255]
  [255]
  ...
  [255]
  [255]
  [255]]]",[70.],173
174,"[[[255]
  [255]
  [255]
  ...
  [255]
  [255]
  [255]]

 [[255]
  [255]
  [255]
  ...
  [255]
  [255]
  [255]]

 [[255]
  [255]
  [255]
  ...
  [255]
  [255]
  [255]]

 ...

 [[255]
  [255]
  [255]
  ...
  [255]
  [255]
  [255]]

 [[255]
  [255]
  [255]
  ...
  [255]
  [255]
  [255]]

 [[255]
  [255]
  [255]
  ...
  [255]
  [255]
  [255]]]",[70.],174
175,"[[[255]
  [255]
  [255]
  ...
  [255]
  [255]
  [255]]

 [[255]
  [255]
  [255]
  ...
  [255]
  [255]
  [255]]

 [[255]
  [255]
  [255]
  ...
  [255]
  [255]
  [255]]

 ...

 [[255]
  [255]
  [255]
  ...
  [255]
  [255]
  [255]]

 [[255]
  [255]
  [255]
  ...
  [255]
  [255]
  [255]]

 [[255]
  [255]
  [255]
  ...
  [255]
  [255]
  [255]]]",[70.],175
176,"[[[255]
  [255]
  [255]
  ...
  [255]
  [255]
  [255]]

 [[255]
  [255]
  [255]
  ...
  [255]
  [255]
  [255]]

 [[255]
  [255]
  [255]
  ...
  [255]
  [255]
  [255]]

 ...

 [[255]
  [255]
  [255]
  ...
  [255]
  [255]
  [255]]

 [[255]
  [255]
  [255]
  ...
  [255]
  [255]
  [255]]

 [[255]
  [255]
  [255]
  ...
  [255]
  [255]
  [255]]]",[70.],176
177,"[[[ 67]
  [ 68]
  [ 69]
  ...
  [ 62]
  [ 62]
  [ 61]]

 [[ 67]
  [ 68]
  [ 69]
  ...
  [ 62]
  [ 61]
  [ 61]]

 [[ 67]
  [ 68]
  [ 68]
  ...
  [ 62]
  [ 61]
  [ 61]]

 ...

 [[255]
  [255]
  [255]
  ...
  [255]
  [255]
  [255]]

 [[255]
  [255]
  [255]
  ...
  [255]
  [255]
  [255]]

 [[255]
  [255]
  [255]
  ...
  [255]
  [255]
  [255]]]",[70.],177
178,"[[[255]
  [255]
  [255]
  ...
  [255]
  [255]
  [255]]

 [[255]
  [255]
  [255]
  ...
  [255]
  [255]
  [255]]

 [[255]
  [255]
  [255]
  ...
  [255]
  [255]
  [255]]

 ...

 [[255]
  [255]
  [255]
  ...
  [255]
  [255]
  [255]]

 [[255]
  [255]
  [255]
  ...
  [255]
  [255]
  [255]]

 [[255]
  [255]
  [255]
  ...
  [255]
  [255]
  [255]]]",[70.],178
179,"[[[255]
  [255]
  [255]
  ...
  [255]
  [255]
  [255]]

 [[255]
  [255]
  [255]
  ...
  [255]
  [255]
  [255]]

 [[255]
  [255]
  [255]
  ...
  [255]
  [255]
  [255]]

 ...

 [[255]
  [255]
  [255]
  ...
  [255]
  [255]
  [255]]

 [[255]
  [255]
  [255]
  ...
  [255]
  [255]
  [255]]

 [[255]
  [255]
  [255]
  ...
  [255]
  [255]
  [255]]]",[70.],179
180,"[[[255]
  [255]
  [255]
  ...
  [255]
  [255]
  [255]]

 [[255]
  [255]
  [255]
  ...
  [255]
  [255]
  [255]]

 [[255]
  [255]
  [255]
  ...
  [255]
  [255]
  [255]]

 ...

 [[255]
  [255]
  [255]
  ...
  [255]
  [255]
  [255]]

 [[255]
  [255]
  [255]
  ...
  [255]
  [255]
  [255]]

 [[255]
  [255]
  [255]
  ...
  [255]
  [255]
  [255]]]",[70.],180
181,"[[[255]
  [255]
  [255]
  ...
  [255]
  [255]
  [255]]

 [[255]
  [255]
  [255]
  ...
  [255]
  [255]
  [255]]

 [[255]
  [255]
  [255]
  ...
  [255]
  [255]
  [255]]

 ...

 [[255]
  [255]
  [255]
  ...
  [255]
  [255]
  [255]]

 [[255]
  [255]
  [255]
  ...
  [255]
  [255]
  [255]]

 [[255]
  [255]
  [255]
  ...
  [255]
  [255]
  [255]]]",[70.],181
182,"[[[255]
  [255]
  [255]
  ...
  [255]
  [255]
  [255]]

 [[255]
  [255]
  [255]
  ...
  [255]
  [255]
  [255]]

 [[255]
  [255]
  [255]
  ...
  [255]
  [255]
  [255]]

 ...

 [[255]
  [255]
  [255]
  ...
  [255]
  [255]
  [255]]

 [[255]
  [255]
  [255]
  ...
  [255]
  [255]
  [255]]

 [[255]
  [255]
  [255]
  ...
  [255]
  [255]
  [255]]]",[70.],182
183,"[[[255]
  [255]
  [255]
  ...
  [255]
  [255]
  [255]]

 [[255]
  [255]
  [255]
  ...
  [255]
  [255]
  [255]]

 [[255]
  [255]
  [255]
  ...
  [255]
  [255]
  [255]]

 ...

 [[255]
  [255]
  [255]
  ...
  [255]
  [255]
  [255]]

 [[255]
  [255]
  [255]
  ...
  [255]
  [255]
  [255]]

 [[255]
  [255]
  [255]
  ...
  [255]
  [255]
  [255]]]",[80.],183
184,"[[[255]
  [255]
  [255]
  ...
  [255]
  [255]
  [255]]

 [[255]
  [255]
  [255]
  ...
  [255]
  [255]
  [255]]

 [[255]
  [255]
  [255]
  ...
  [255]
  [255]
  [255]]

 ...

 [[255]
  [255]
  [255]
  ...
  [255]
  [255]
  [255]]

 [[255]
  [255]
  [255]
  ...
  [255]
  [255]
  [255]]

 [[255]
  [255]
  [255]
  ...
  [255]
  [255]
  [255]]]",[80.],184
185,"[[[255]
  [255]
  [255]
  ...
  [255]
  [255]
  [255]]

 [[255]
  [255]
  [255]
  ...
  [255]
  [255]
  [255]]

 [[255]
  [255]
  [255]
  ...
  [255]
  [255]
  [255]]

 ...

 [[255]
  [255]
  [255]
  ...
  [255]
  [255]
  [255]]

 [[255]
  [255]
  [255]
  ...
  [255]
  [255]
  [255]]

 [[255]
  [255]
  [255]
  ...
  [255]
  [255]
  [255]]]",[80.],185
186,"[[[255]
  [255]
  [255]
  ...
  [255]
  [255]
  [255]]

 [[255]
  [255]
  [255]
  ...
  [255]
  [255]
  [255]]

 [[255]
  [255]
  [255]
  ...
  [255]
  [255]
  [255]]

 ...

 [[255]
  [255]
  [255]
  ...
  [255]
  [255]
  [255]]

 [[255]
  [255]
  [255]
  ...
  [255]
  [255]
  [255]]

 [[255]
  [255]
  [255]
  ...
  [255]
  [255]
  [255]]]",[80.],186
187,"[[[255]
  [255]
  [255]
  ...
  [255]
  [255]
  [255]]

 [[255]
  [255]
  [255]
  ...
  [255]
  [255]
  [255]]

 [[255]
  [255]
  [255]
  ...
  [255]
  [255]
  [255]]

 ...

 [[255]
  [255]
  [255]
  ...
  [255]
  [255]
  [255]]

 [[255]
  [255]
  [255]
  ...
  [255]
  [255]
  [255]]

 [[255]
  [255]
  [255]
  ...
  [255]
  [255]
  [255]]]",[80.],187
188,"[[[255]
  [255]
  [255]
  ...
  [255]
  [255]
  [255]]

 [[255]
  [255]
  [255]
  ...
  [255]
  [255]
  [255]]

 [[255]
  [255]
  [255]
  ...
  [255]
  [255]
  [255]]

 ...

 [[255]
  [255]
  [255]
  ...
  [255]
  [255]
  [255]]

 [[255]
  [255]
  [255]
  ...
  [255]
  [255]
  [255]]

 [[255]
  [255]
  [255]
  ...
  [255]
  [255]
  [255]]]",[80.],188
189,"[[[ 67]
  [ 68]
  [ 69]
  ...
  [ 62]
  [ 62]
  [ 61]]

 [[ 67]
  [ 68]
  [ 69]
  ...
  [ 62]
  [ 61]
  [ 61]]

 [[ 67]
  [ 68]
  [ 68]
  ...
  [ 62]
  [ 61]
  [ 61]]

 ...

 [[255]
  [255]
  [255]
  ...
  [255]
  [255]
  [255]]

 [[255]
  [255]
  [255]
  ...
  [255]
  [255]
  [255]]

 [[255]
  [255]
  [255]
  ...
  [255]
  [255]
  [255]]]",[80.],189
190,"[[[255]
  [255]
  [255]
  ...
  [255]
  [255]
  [255]]

 [[255]
  [255]
  [255]
  ...
  [255]
  [255]
  [255]]

 [[255]
  [255]
  [255]
  ...
  [255]
  [255]
  [255]]

 ...

 [[255]
  [255]
  [255]
  ...
  [255]
  [255]
  [255]]

 [[255]
  [255]
  [255]
  ...
  [255]
  [255]
  [255]]

 [[255]
  [255]
  [255]
  ...
  [255]
  [255]
  [255]]]",[80.],190
191,"[[[255]
  [255]
  [255]
  ...
  [255]
  [255]
  [255]]

 [[255]
  [255]
  [255]
  ...
  [255]
  [255]
  [255]]

 [[255]
  [255]
  [255]
  ...
  [255]
  [255]
  [255]]

 ...

 [[255]
  [255]
  [255]
  ...
  [255]
  [255]
  [255]]

 [[255]
  [255]
  [255]
  ...
  [255]
  [255]
  [255]]

 [[255]
  [255]
  [255]
  ...
  [255]
  [255]
  [255]]]",[80.],191
192,"[[[255]
  [255]
  [255]
  ...
  [255]
  [255]
  [255]]

 [[255]
  [255]
  [255]
  ...
  [255]
  [255]
  [255]]

 [[255]
  [255]
  [255]
  ...
  [255]
  [255]
  [255]]

 ...

 [[255]
  [255]
  [255]
  ...
  [255]
  [255]
  [255]]

 [[255]
  [255]
  [255]
  ...
  [255]
  [255]
  [255]]

 [[255]
  [255]
  [255]
  ...
  [255]
  [255]
  [255]]]",[80.],192
193,"[[[255]
  [255]
  [255]
  ...
  [255]
  [255]
  [255]]

 [[255]
  [255]
  [255]
  ...
  [255]
  [255]
  [255]]

 [[255]
  [255]
  [255]
  ...
  [255]
  [255]
  [255]]

 ...

 [[255]
  [255]
  [255]
  ...
  [255]
  [255]
  [255]]

 [[255]
  [255]
  [255]
  ...
  [255]
  [255]
  [255]]

 [[255]
  [255]
  [255]
  ...
  [255]
  [255]
  [255]]]",[80.],193
194,"[[[255]
  [255]
  [255]
  ...
  [255]
  [255]
  [255]]

 [[255]
  [255]
  [255]
  ...
  [255]
  [255]
  [255]]

 [[255]
  [255]
  [255]
  ...
  [255]
  [255]
  [255]]

 ...

 [[255]
  [255]
  [255]
  ...
  [255]
  [255]
  [255]]

 [[255]
  [255]
  [255]
  ...
  [255]
  [255]
  [255]]

 [[255]
  [255]
  [255]
  ...
  [255]
  [255]
  [255]]]",[80.],194
195,"[[[255]
  [255]
  [255]
  ...
  [255]
  [255]
  [255]]

 [[255]
  [255]
  [255]
  ...
  [255]
  [255]
  [255]]

 [[255]
  [255]
  [255]
  ...
  [255]
  [255]
  [255]]

 ...

 [[255]
  [255]
  [255]
  ...
  [255]
  [255]
  [255]]

 [[255]
  [255]
  [255]
  ...
  [255]
  [255]
  [255]]

 [[255]
  [255]
  [255]
  ...
  [255]
  [255]
  [255]]]",[80.],195
196,"[[[255]
  [255]
  [255]
  ...
  [255]
  [255]
  [255]]

 [[255]
  [255]
  [255]
  ...
  [255]
  [255]
  [255]]

 [[255]
  [255]
  [255]
  ...
  [255]
  [255]
  [255]]

 ...

 [[255]
  [255]
  [255]
  ...
  [255]
  [255]
  [255]]

 [[255]
  [255]
  [255]
  ...
  [255]
  [255]
  [255]]

 [[255]
  [255]
  [255]
  ...
  [255]
  [255]
  [255]]]",[80.],196
197,"[[[255]
  [255]
  [255]
  ...
  [255]
  [255]
  [255]]

 [[255]
  [255]
  [255]
  ...
  [255]
  [255]
  [255]]

 [[255]
  [255]
  [255]
  ...
  [255]
  [255]
  [255]]

 ...

 [[255]
  [255]
  [255]
  ...
  [255]
  [255]
  [255]]

 [[255]
  [255]
  [255]
  ...
  [255]
  [255]
  [255]]

 [[255]
  [255]
  [255]
  ...
  [255]
  [255]
  [255]]]",[80.],197
198,"[[[255]
  [255]
  [255]
  ...
  [255]
  [255]
  [255]]

 [[255]
  [255]
  [255]
  ...
  [255]
  [255]
  [255]]

 [[255]
  [255]
  [255]
  ...
  [255]
  [255]
  [255]]

 ...

 [[255]
  [255]
  [255]
  ...
  [255]
  [255]
  [255]]

 [[255]
  [255]
  [255]
  ...
  [255]
  [255]
  [255]]

 [[255]
  [255]
  [255]
  ...
  [255]
  [255]
  [255]]]",[80.],198
199,"[[[255]
  [255]
  [255]
  ...
  [255]
  [255]
  [255]]

 [[255]
  [255]
  [255]
  ...
  [255]
  [255]
  [255]]

 [[255]
  [255]
  [255]
  ...
  [255]
  [255]
  [255]]

 ...

 [[255]
  [255]
  [255]
  ...
  [255]
  [255]
  [255]]

 [[255]
  [255]
  [255]
  ...
  [255]
  [255]
  [255]]

 [[255]
  [255]
  [255]
  ...
  [255]
  [255]
  [255]]]",[80.],199
200,"[[[255]
  [ 68]
  [ 69]
  ...
  [ 62]
  [ 62]
  [255]]

 [[255]
  [ 68]
  [ 69]
  ...
  [ 62]
  [ 61]
  [255]]

 [[255]
  [ 68]
  [ 68]
  ...
  [ 62]
  [ 61]
  [255]]

 ...

 [[255]
  [255]
  [255]
  ...
  [255]
  [255]
  [255]]

 [[255]
  [255]
  [255]
  ...
  [255]
  [255]
  [255]]

 [[255]
  [255]
  [255]
  ...
  [255]
  [255]
  [255]]]",[80.],200
201,"[[[255]
  [255]
  [255]
  ...
  [255]
  [255]
  [255]]

 [[255]
  [255]
  [255]
  ...
  [255]
  [255]
  [255]]

 [[255]
  [255]
  [255]
  ...
  [255]
  [255]
  [255]]

 ...

 [[255]
  [255]
  [255]
  ...
  [255]
  [255]
  [255]]

 [[255]
  [255]
  [255]
  ...
  [255]
  [255]
  [255]]

 [[255]
  [255]
  [255]
  ...
  [255]
  [255]
  [255]]]",[80.],201
202,"[[[255]
  [255]
  [255]
  ...
  [255]
  [255]
  [255]]

 [[255]
  [255]
  [255]
  ...
  [255]
  [255]
  [255]]

 [[255]
  [255]
  [255]
  ...
  [255]
  [255]
  [255]]

 ...

 [[255]
  [255]
  [255]
  ...
  [255]
  [255]
  [255]]

 [[255]
  [255]
  [255]
  ...
  [255]
  [255]
  [255]]

 [[255]
  [255]
  [255]
  ...
  [255]
  [255]
  [255]]]",[80.],202
203,"[[[255]
  [255]
  [255]
  ...
  [255]
  [255]
  [255]]

 [[255]
  [255]
  [255]
  ...
  [255]
  [255]
  [255]]

 [[255]
  [255]
  [255]
  ...
  [255]
  [255]
  [255]]

 ...

 [[255]
  [255]
  [255]
  ...
  [255]
  [255]
  [255]]

 [[255]
  [255]
  [255]
  ...
  [255]
  [255]
  [255]]

 [[255]
  [255]
  [255]
  ...
  [255]
  [255]
  [255]]]",[80.],203
204,"[[[255]
  [255]
  [255]
  ...
  [255]
  [255]
  [255]]

 [[255]
  [255]
  [255]
  ...
  [255]
  [255]
  [255]]

 [[255]
  [255]
  [255]
  ...
  [255]
  [255]
  [255]]

 ...

 [[255]
  [255]
  [255]
  ...
  [255]
  [255]
  [255]]

 [[255]
  [255]
  [255]
  ...
  [255]
  [255]
  [255]]

 [[255]
  [255]
  [255]
  ...
  [255]
  [255]
  [255]]]",[80.],204
205,"[[[ 67]
  [ 68]
  [ 69]
  ...
  [ 62]
  [ 62]
  [ 61]]

 [[ 67]
  [ 68]
  [ 69]
  ...
  [ 62]
  [ 61]
  [ 61]]

 [[ 67]
  [ 68]
  [ 68]
  ...
  [ 62]
  [ 61]
  [ 61]]

 ...

 [[255]
  [255]
  [255]
  ...
  [255]
  [255]
  [255]]

 [[255]
  [255]
  [255]
  ...
  [255]
  [255]
  [255]]

 [[255]
  [255]
  [255]
  ...
  [255]
  [255]
  [255]]]",[80.],205
206,"[[[255]
  [255]
  [255]
  ...
  [255]
  [255]
  [255]]

 [[255]
  [255]
  [255]
  ...
  [255]
  [255]
  [255]]

 [[255]
  [255]
  [255]
  ...
  [255]
  [255]
  [255]]

 ...

 [[255]
  [255]
  [255]
  ...
  [255]
  [255]
  [255]]

 [[255]
  [255]
  [255]
  ...
  [255]
  [255]
  [255]]

 [[255]
  [255]
  [255]
  ...
  [255]
  [255]
  [255]]]",[90.],206
207,"[[[ 67]
  [200]
  [255]
  ...
  [255]
  [161]
  [ 61]]

 [[ 67]
  [200]
  [255]
  ...
  [255]
  [161]
  [ 61]]

 [[ 67]
  [200]
  [255]
  ...
  [255]
  [161]
  [ 61]]

 ...

 [[255]
  [255]
  [255]
  ...
  [255]
  [255]
  [255]]

 [[255]
  [255]
  [255]
  ...
  [255]
  [255]
  [255]]

 [[255]
  [255]
  [255]
  ...
  [255]
  [255]
  [255]]]",[90.],207
208,"[[[255]
  [255]
  [255]
  ...
  [255]
  [255]
  [255]]

 [[255]
  [255]
  [255]
  ...
  [255]
  [255]
  [255]]

 [[255]
  [255]
  [255]
  ...
  [255]
  [255]
  [255]]

 ...

 [[255]
  [255]
  [255]
  ...
  [255]
  [255]
  [255]]

 [[255]
  [255]
  [255]
  ...
  [255]
  [255]
  [255]]

 [[255]
  [255]
  [255]
  ...
  [255]
  [255]
  [255]]]",[90.],208
209,"[[[255]
  [255]
  [255]
  ...
  [255]
  [255]
  [255]]

 [[255]
  [255]
  [255]
  ...
  [255]
  [255]
  [255]]

 [[255]
  [255]
  [255]
  ...
  [255]
  [255]
  [255]]

 ...

 [[255]
  [255]
  [255]
  ...
  [255]
  [255]
  [255]]

 [[255]
  [255]
  [255]
  ...
  [255]
  [255]
  [255]]

 [[255]
  [255]
  [255]
  ...
  [255]
  [255]
  [255]]]",[90.],209
210,"[[[255]
  [255]
  [255]
  ...
  [255]
  [255]
  [255]]

 [[255]
  [255]
  [255]
  ...
  [255]
  [255]
  [255]]

 [[255]
  [255]
  [255]
  ...
  [255]
  [255]
  [255]]

 ...

 [[255]
  [255]
  [255]
  ...
  [255]
  [255]
  [255]]

 [[255]
  [255]
  [255]
  ...
  [255]
  [255]
  [255]]

 [[255]
  [255]
  [255]
  ...
  [255]
  [255]
  [255]]]",[90.],210
211,"[[[ 67]
  [ 68]
  [ 69]
  ...
  [ 62]
  [ 62]
  [ 61]]

 [[ 67]
  [ 68]
  [ 69]
  ...
  [ 62]
  [ 61]
  [ 61]]

 [[ 67]
  [ 68]
  [ 68]
  ...
  [ 62]
  [ 61]
  [ 61]]

 ...

 [[255]
  [255]
  [255]
  ...
  [255]
  [255]
  [255]]

 [[255]
  [255]
  [255]
  ...
  [255]
  [255]
  [255]]

 [[255]
  [255]
  [255]
  ...
  [255]
  [255]
  [255]]]",[90.],211
212,"[[[255]
  [255]
  [255]
  ...
  [255]
  [255]
  [255]]

 [[255]
  [255]
  [255]
  ...
  [255]
  [255]
  [255]]

 [[255]
  [255]
  [255]
  ...
  [255]
  [255]
  [255]]

 ...

 [[255]
  [255]
  [255]
  ...
  [255]
  [255]
  [255]]

 [[255]
  [255]
  [255]
  ...
  [255]
  [255]
  [255]]

 [[255]
  [255]
  [255]
  ...
  [255]
  [255]
  [255]]]",[90.],212
213,"[[[ 67]
  [ 68]
  [ 69]
  ...
  [ 62]
  [ 62]
  [ 61]]

 [[ 67]
  [ 68]
  [ 69]
  ...
  [ 62]
  [ 61]
  [ 61]]

 [[ 67]
  [ 68]
  [ 68]
  ...
  [ 62]
  [ 61]
  [ 61]]

 ...

 [[255]
  [255]
  [255]
  ...
  [255]
  [255]
  [255]]

 [[255]
  [255]
  [255]
  ...
  [255]
  [255]
  [255]]

 [[255]
  [255]
  [255]
  ...
  [255]
  [255]
  [255]]]",[90.],213
214,"[[[255]
  [255]
  [255]
  ...
  [255]
  [255]
  [255]]

 [[255]
  [255]
  [255]
  ...
  [255]
  [255]
  [255]]

 [[255]
  [255]
  [255]
  ...
  [255]
  [255]
  [255]]

 ...

 [[255]
  [255]
  [255]
  ...
  [255]
  [255]
  [255]]

 [[255]
  [255]
  [255]
  ...
  [255]
  [255]
  [255]]

 [[255]
  [255]
  [255]
  ...
  [255]
  [255]
  [255]]]",[90.],214
215,"[[[199]
  [255]
  [255]
  ...
  [255]
  [255]
  [ 61]]

 [[ 67]
  [255]
  [255]
  ...
  [255]
  [255]
  [ 61]]

 [[ 67]
  [200]
  [255]
  ...
  [255]
  [161]
  [ 61]]

 ...

 [[255]
  [255]
  [255]
  ...
  [255]
  [255]
  [255]]

 [[255]
  [255]
  [255]
  ...
  [255]
  [255]
  [255]]

 [[255]
  [255]
  [255]
  ...
  [255]
  [255]
  [255]]]",[90.],215
216,"[[[255]
  [255]
  [255]
  ...
  [255]
  [255]
  [255]]

 [[255]
  [255]
  [255]
  ...
  [255]
  [255]
  [255]]

 [[255]
  [255]
  [255]
  ...
  [255]
  [255]
  [255]]

 ...

 [[255]
  [255]
  [255]
  ...
  [255]
  [255]
  [255]]

 [[255]
  [255]
  [255]
  ...
  [255]
  [255]
  [255]]

 [[255]
  [255]
  [255]
  ...
  [255]
  [255]
  [255]]]",[90.],216
217,"[[[255]
  [200]
  [ 69]
  ...
  [ 62]
  [161]
  [255]]

 [[255]
  [200]
  [ 69]
  ...
  [ 62]
  [161]
  [255]]

 [[255]
  [200]
  [ 68]
  ...
  [ 62]
  [161]
  [255]]

 ...

 [[255]
  [255]
  [255]
  ...
  [255]
  [255]
  [255]]

 [[255]
  [255]
  [255]
  ...
  [255]
  [255]
  [255]]

 [[255]
  [255]
  [255]
  ...
  [255]
  [255]
  [255]]]",[90.],217
218,"[[[255]
  [255]
  [255]
  ...
  [255]
  [255]
  [255]]

 [[255]
  [255]
  [255]
  ...
  [255]
  [255]
  [255]]

 [[255]
  [255]
  [255]
  ...
  [255]
  [255]
  [255]]

 ...

 [[255]
  [255]
  [255]
  ...
  [255]
  [255]
  [255]]

 [[255]
  [255]
  [255]
  ...
  [255]
  [255]
  [255]]

 [[255]
  [255]
  [255]
  ...
  [255]
  [255]
  [255]]]",[90.],218
219,"[[[255]
  [255]
  [255]
  ...
  [255]
  [255]
  [255]]

 [[255]
  [255]
  [255]
  ...
  [255]
  [255]
  [255]]

 [[255]
  [255]
  [255]
  ...
  [255]
  [255]
  [255]]

 ...

 [[255]
  [255]
  [255]
  ...
  [255]
  [255]
  [255]]

 [[255]
  [255]
  [255]
  ...
  [255]
  [255]
  [255]]

 [[255]
  [255]
  [255]
  ...
  [255]
  [255]
  [255]]]",[90.],219
220,"[[[255]
  [255]
  [255]
  ...
  [255]
  [255]
  [255]]

 [[255]
  [255]
  [255]
  ...
  [255]
  [255]
  [255]]

 [[255]
  [255]
  [255]
  ...
  [255]
  [255]
  [255]]

 ...

 [[255]
  [255]
  [255]
  ...
  [255]
  [255]
  [255]]

 [[255]
  [255]
  [255]
  ...
  [255]
  [255]
  [255]]

 [[255]
  [255]
  [255]
  ...
  [255]
  [255]
  [255]]]",[90.],220
221,"[[[ 67]
  [ 68]
  [ 69]
  ...
  [ 62]
  [ 62]
  [ 61]]

 [[ 67]
  [ 68]
  [ 69]
  ...
  [ 62]
  [ 61]
  [ 61]]

 [[ 67]
  [ 68]
  [ 68]
  ...
  [ 62]
  [ 61]
  [ 61]]

 ...

 [[255]
  [255]
  [255]
  ...
  [255]
  [255]
  [255]]

 [[255]
  [255]
  [255]
  ...
  [255]
  [255]
  [255]]

 [[255]
  [255]
  [255]
  ...
  [255]
  [255]
  [255]]]",[90.],221
222,"[[[255]
  [255]
  [255]
  ...
  [255]
  [255]
  [255]]

 [[255]
  [255]
  [255]
  ...
  [255]
  [255]
  [255]]

 [[255]
  [255]
  [255]
  ...
  [255]
  [255]
  [255]]

 ...

 [[255]
  [255]
  [255]
  ...
  [255]
  [255]
  [255]]

 [[255]
  [255]
  [255]
  ...
  [255]
  [255]
  [255]]

 [[255]
  [255]
  [255]
  ...
  [255]
  [255]
  [255]]]",[90.],222
223,"[[[255]
  [255]
  [255]
  ...
  [255]
  [255]
  [255]]

 [[255]
  [255]
  [ 69]
  ...
  [161]
  [255]
  [255]]

 [[255]
  [ 68]
  [ 68]
  ...
  [ 62]
  [161]
  [255]]

 ...

 [[255]
  [255]
  [255]
  ...
  [255]
  [255]
  [255]]

 [[255]
  [255]
  [255]
  ...
  [255]
  [255]
  [255]]

 [[255]
  [255]
  [255]
  ...
  [255]
  [255]
  [255]]]",[90.],223
224,"[[[255]
  [255]
  [255]
  ...
  [255]
  [255]
  [255]]

 [[255]
  [255]
  [255]
  ...
  [255]
  [255]
  [255]]

 [[255]
  [255]
  [255]
  ...
  [255]
  [255]
  [255]]

 ...

 [[255]
  [255]
  [255]
  ...
  [255]
  [255]
  [255]]

 [[255]
  [255]
  [255]
  ...
  [255]
  [255]
  [255]]

 [[255]
  [255]
  [255]
  ...
  [255]
  [255]
  [255]]]",[90.],224
225,"[[[ 67]
  [ 68]
  [ 69]
  ...
  [ 62]
  [ 62]
  [ 61]]

 [[ 67]
  [ 68]
  [ 69]
  ...
  [ 62]
  [ 61]
  [ 61]]

 [[ 67]
  [ 68]
  [ 68]
  ...
  [ 62]
  [ 61]
  [ 61]]

 ...

 [[255]
  [255]
  [255]
  ...
  [255]
  [255]
  [255]]

 [[255]
  [255]
  [255]
  ...
  [255]
  [255]
  [255]]

 [[255]
  [255]
  [255]
  ...
  [255]
  [255]
  [255]]]",[90.],225
226,"[[[255]
  [255]
  [255]
  ...
  [255]
  [255]
  [255]]

 [[255]
  [255]
  [255]
  ...
  [255]
  [255]
  [255]]

 [[255]
  [255]
  [255]
  ...
  [255]
  [255]
  [255]]

 ...

 [[255]
  [255]
  [255]
  ...
  [255]
  [255]
  [255]]

 [[255]
  [255]
  [255]
  ...
  [255]
  [255]
  [255]]

 [[255]
  [255]
  [255]
  ...
  [255]
  [255]
  [255]]]",[90.],226
227,"[[[255]
  [255]
  [255]
  ...
  [255]
  [255]
  [255]]

 [[255]
  [255]
  [255]
  ...
  [255]
  [255]
  [255]]

 [[255]
  [255]
  [255]
  ...
  [255]
  [255]
  [255]]

 ...

 [[255]
  [255]
  [255]
  ...
  [255]
  [255]
  [255]]

 [[255]
  [255]
  [255]
  ...
  [255]
  [255]
  [255]]

 [[255]
  [255]
  [255]
  ...
  [255]
  [255]
  [255]]]",[90.],227
228,"[[[255]
  [255]
  [255]
  ...
  [255]
  [255]
  [255]]

 [[255]
  [255]
  [255]
  ...
  [255]
  [255]
  [255]]

 [[255]
  [255]
  [255]
  ...
  [255]
  [255]
  [255]]

 ...

 [[255]
  [255]
  [255]
  ...
  [255]
  [255]
  [255]]

 [[255]
  [255]
  [255]
  ...
  [255]
  [255]
  [255]]

 [[255]
  [255]
  [255]
  ...
  [255]
  [255]
  [255]]]",[90.],228
229,"[[[255]
  [255]
  [255]
  ...
  [255]
  [255]
  [255]]

 [[255]
  [255]
  [255]
  ...
  [255]
  [255]
  [255]]

 [[255]
  [255]
  [255]
  ...
  [255]
  [255]
  [255]]

 ...

 [[255]
  [255]
  [255]
  ...
  [255]
  [255]
  [255]]

 [[255]
  [255]
  [255]
  ...
  [255]
  [255]
  [255]]

 [[255]
  [255]
  [255]
  ...
  [255]
  [255]
  [255]]]",[100.],229
230,"[[[255]
  [255]
  [255]
  ...
  [255]
  [255]
  [255]]

 [[255]
  [255]
  [255]
  ...
  [255]
  [255]
  [255]]

 [[255]
  [255]
  [255]
  ...
  [255]
  [255]
  [255]]

 ...

 [[255]
  [255]
  [255]
  ...
  [255]
  [255]
  [255]]

 [[255]
  [255]
  [255]
  ...
  [255]
  [255]
  [255]]

 [[255]
  [255]
  [255]
  ...
  [255]
  [255]
  [255]]]",[100.],230
231,"[[[ 67]
  [ 68]
  [ 69]
  ...
  [ 62]
  [ 62]
  [ 61]]

 [[ 67]
  [ 68]
  [ 69]
  ...
  [ 62]
  [ 61]
  [ 61]]

 [[ 67]
  [ 68]
  [ 68]
  ...
  [ 62]
  [ 61]
  [ 61]]

 ...

 [[255]
  [255]
  [255]
  ...
  [255]
  [255]
  [255]]

 [[255]
  [255]
  [255]
  ...
  [255]
  [255]
  [255]]

 [[255]
  [255]
  [255]
  ...
  [255]
  [255]
  [255]]]",[100.],231
232,"[[[255]
  [255]
  [255]
  ...
  [255]
  [255]
  [255]]

 [[255]
  [255]
  [255]
  ...
  [255]
  [255]
  [255]]

 [[255]
  [255]
  [255]
  ...
  [255]
  [255]
  [255]]

 ...

 [[255]
  [255]
  [255]
  ...
  [255]
  [255]
  [255]]

 [[255]
  [255]
  [255]
  ...
  [255]
  [255]
  [255]]

 [[255]
  [255]
  [255]
  ...
  [255]
  [255]
  [255]]]",[100.],232
233,"[[[255]
  [255]
  [255]
  ...
  [255]
  [255]
  [255]]

 [[255]
  [255]
  [255]
  ...
  [255]
  [255]
  [255]]

 [[255]
  [255]
  [255]
  ...
  [255]
  [255]
  [255]]

 ...

 [[255]
  [255]
  [255]
  ...
  [255]
  [255]
  [255]]

 [[255]
  [255]
  [255]
  ...
  [255]
  [255]
  [255]]

 [[255]
  [255]
  [255]
  ...
  [255]
  [255]
  [255]]]",[100.],233
234,"[[[255]
  [255]
  [255]
  ...
  [255]
  [255]
  [255]]

 [[255]
  [255]
  [255]
  ...
  [255]
  [255]
  [255]]

 [[255]
  [255]
  [255]
  ...
  [255]
  [255]
  [255]]

 ...

 [[255]
  [255]
  [255]
  ...
  [255]
  [255]
  [255]]

 [[255]
  [255]
  [255]
  ...
  [255]
  [255]
  [255]]

 [[255]
  [255]
  [255]
  ...
  [255]
  [255]
  [255]]]",[100.],234
235,"[[[255]
  [255]
  [255]
  ...
  [255]
  [255]
  [255]]

 [[255]
  [255]
  [255]
  ...
  [255]
  [255]
  [255]]

 [[255]
  [255]
  [255]
  ...
  [255]
  [255]
  [255]]

 ...

 [[255]
  [255]
  [255]
  ...
  [255]
  [255]
  [255]]

 [[255]
  [255]
  [255]
  ...
  [255]
  [255]
  [255]]

 [[255]
  [255]
  [255]
  ...
  [255]
  [255]
  [255]]]",[100.],235
236,"[[[255]
  [255]
  [255]
  ...
  [255]
  [255]
  [255]]

 [[255]
  [255]
  [255]
  ...
  [255]
  [255]
  [255]]

 [[255]
  [255]
  [255]
  ...
  [255]
  [255]
  [255]]

 ...

 [[255]
  [255]
  [255]
  ...
  [255]
  [255]
  [255]]

 [[255]
  [255]
  [255]
  ...
  [255]
  [255]
  [255]]

 [[255]
  [255]
  [255]
  ...
  [255]
  [255]
  [255]]]",[100.],236
237,"[[[255]
  [255]
  [255]
  ...
  [255]
  [255]
  [255]]

 [[255]
  [255]
  [255]
  ...
  [255]
  [255]
  [255]]

 [[255]
  [255]
  [255]
  ...
  [255]
  [255]
  [255]]

 ...

 [[255]
  [255]
  [255]
  ...
  [255]
  [255]
  [255]]

 [[255]
  [255]
  [255]
  ...
  [255]
  [255]
  [255]]

 [[255]
  [255]
  [255]
  ...
  [255]
  [255]
  [255]]]",[100.],237
238,"[[[255]
  [255]
  [255]
  ...
  [255]
  [255]
  [255]]

 [[255]
  [255]
  [255]
  ...
  [255]
  [255]
  [255]]

 [[255]
  [255]
  [255]
  ...
  [255]
  [255]
  [255]]

 ...

 [[255]
  [255]
  [255]
  ...
  [255]
  [255]
  [255]]

 [[255]
  [255]
  [255]
  ...
  [255]
  [255]
  [255]]

 [[255]
  [255]
  [255]
  ...
  [255]
  [255]
  [255]]]",[100.],238
239,"[[[255]
  [255]
  [255]
  ...
  [255]
  [255]
  [255]]

 [[255]
  [255]
  [255]
  ...
  [255]
  [255]
  [255]]

 [[255]
  [255]
  [255]
  ...
  [255]
  [255]
  [255]]

 ...

 [[255]
  [255]
  [255]
  ...
  [255]
  [255]
  [255]]

 [[255]
  [255]
  [255]
  ...
  [255]
  [255]
  [255]]

 [[255]
  [255]
  [255]
  ...
  [255]
  [255]
  [255]]]",[100.],239
240,"[[[ 67]
  [ 68]
  [ 69]
  ...
  [ 62]
  [ 62]
  [ 61]]

 [[ 67]
  [ 68]
  [ 69]
  ...
  [ 62]
  [ 61]
  [ 61]]

 [[ 67]
  [ 68]
  [ 68]
  ...
  [ 62]
  [ 61]
  [ 61]]

 ...

 [[255]
  [255]
  [255]
  ...
  [255]
  [255]
  [255]]

 [[255]
  [255]
  [255]
  ...
  [255]
  [255]
  [255]]

 [[255]
  [255]
  [255]
  ...
  [255]
  [255]
  [255]]]",[100.],240
241,"[[[255]
  [255]
  [255]
  ...
  [255]
  [255]
  [255]]

 [[255]
  [255]
  [255]
  ...
  [255]
  [255]
  [255]]

 [[255]
  [255]
  [255]
  ...
  [255]
  [255]
  [255]]

 ...

 [[255]
  [255]
  [255]
  ...
  [255]
  [255]
  [255]]

 [[255]
  [255]
  [255]
  ...
  [255]
  [255]
  [255]]

 [[255]
  [255]
  [255]
  ...
  [255]
  [255]
  [255]]]",[100.],241
242,"[[[255]
  [255]
  [255]
  ...
  [255]
  [255]
  [255]]

 [[255]
  [255]
  [255]
  ...
  [255]
  [255]
  [255]]

 [[255]
  [255]
  [255]
  ...
  [255]
  [255]
  [255]]

 ...

 [[255]
  [255]
  [255]
  ...
  [255]
  [255]
  [255]]

 [[255]
  [255]
  [255]
  ...
  [255]
  [255]
  [255]]

 [[255]
  [255]
  [255]
  ...
  [255]
  [255]
  [255]]]",[100.],242
243,"[[[255]
  [255]
  [255]
  ...
  [255]
  [255]
  [255]]

 [[255]
  [255]
  [255]
  ...
  [255]
  [255]
  [255]]

 [[255]
  [255]
  [255]
  ...
  [255]
  [255]
  [255]]

 ...

 [[255]
  [255]
  [255]
  ...
  [255]
  [255]
  [255]]

 [[255]
  [255]
  [255]
  ...
  [255]
  [255]
  [255]]

 [[255]
  [255]
  [255]
  ...
  [255]
  [255]
  [255]]]",[100.],243
244,"[[[255]
  [255]
  [255]
  ...
  [255]
  [255]
  [255]]

 [[255]
  [255]
  [255]
  ...
  [255]
  [255]
  [255]]

 [[255]
  [255]
  [255]
  ...
  [255]
  [255]
  [255]]

 ...

 [[255]
  [255]
  [255]
  ...
  [255]
  [255]
  [255]]

 [[255]
  [255]
  [255]
  ...
  [255]
  [255]
  [255]]

 [[255]
  [255]
  [255]
  ...
  [255]
  [255]
  [255]]]",[100.],244
245,"[[[255]
  [255]
  [255]
  ...
  [255]
  [255]
  [255]]

 [[255]
  [255]
  [255]
  ...
  [255]
  [255]
  [255]]

 [[255]
  [255]
  [255]
  ...
  [255]
  [255]
  [255]]

 ...

 [[255]
  [255]
  [255]
  ...
  [255]
  [255]
  [255]]

 [[255]
  [255]
  [255]
  ...
  [255]
  [255]
  [255]]

 [[255]
  [255]
  [255]
  ...
  [255]
  [255]
  [255]]]",[100.],245
246,"[[[255]
  [255]
  [255]
  ...
  [255]
  [255]
  [255]]

 [[255]
  [255]
  [255]
  ...
  [255]
  [255]
  [255]]

 [[255]
  [255]
  [255]
  ...
  [255]
  [255]
  [255]]

 ...

 [[255]
  [255]
  [255]
  ...
  [255]
  [255]
  [255]]

 [[255]
  [255]
  [255]
  ...
  [255]
  [255]
  [255]]

 [[255]
  [255]
  [255]
  ...
  [255]
  [255]
  [255]]]",[100.],246
247,"[[[255]
  [255]
  [255]
  ...
  [255]
  [255]
  [255]]

 [[255]
  [255]
  [255]
  ...
  [255]
  [255]
  [255]]

 [[255]
  [255]
  [255]
  ...
  [255]
  [255]
  [255]]

 ...

 [[255]
  [255]
  [255]
  ...
  [255]
  [255]
  [255]]

 [[255]
  [255]
  [255]
  ...
  [255]
  [255]
  [255]]

 [[255]
  [255]
  [255]
  ...
  [255]
  [255]
  [255]]]",[100.],247
248,"[[[255]
  [255]
  [255]
  ...
  [255]
  [255]
  [255]]

 [[255]
  [255]
  [255]
  ...
  [255]
  [255]
  [255]]

 [[255]
  [255]
  [255]
  ...
  [255]
  [255]
  [255]]

 ...

 [[255]
  [255]
  [255]
  ...
  [255]
  [255]
  [255]]

 [[255]
  [255]
  [255]
  ...
  [255]
  [255]
  [255]]

 [[255]
  [255]
  [255]
  ...
  [255]
  [255]
  [255]]]",[100.],248
249,"[[[ 67]
  [ 68]
  [ 69]
  ...
  [ 62]
  [ 62]
  [ 61]]

 [[ 67]
  [ 68]
  [ 69]
  ...
  [ 62]
  [ 61]
  [ 61]]

 [[ 67]
  [ 68]
  [ 68]
  ...
  [ 62]
  [ 61]
  [ 61]]

 ...

 [[255]
  [255]
  [255]
  ...
  [255]
  [255]
  [255]]

 [[255]
  [255]
  [255]
  ...
  [255]
  [255]
  [255]]

 [[255]
  [255]
  [255]
  ...
  [255]
  [255]
  [255]]]",[100.],249
250,"[[[255]
  [255]
  [255]
  ...
  [255]
  [255]
  [255]]

 [[255]
  [255]
  [255]
  ...
  [255]
  [255]
  [255]]

 [[255]
  [255]
  [255]
  ...
  [255]
  [255]
  [255]]

 ...

 [[255]
  [255]
  [255]
  ...
  [255]
  [255]
  [255]]

 [[255]
  [255]
  [255]
  ...
  [255]
  [255]
  [255]]

 [[255]
  [255]
  [255]
  ...
  [255]
  [255]
  [255]]]",[100.],250
251,"[[[ 67]
  [ 68]
  [ 69]
  ...
  [ 62]
  [ 62]
  [ 61]]

 [[ 67]
  [ 68]
  [ 69]
  ...
  [ 62]
  [ 61]
  [ 61]]

 [[ 67]
  [ 68]
  [ 68]
  ...
  [ 62]
  [ 61]
  [ 61]]

 ...

 [[255]
  [255]
  [255]
  ...
  [255]
  [255]
  [255]]

 [[255]
  [255]
  [255]
  ...
  [255]
  [255]
  [255]]

 [[255]
  [255]
  [255]
  ...
  [255]
  [255]
  [255]]]",[100.],251
